<!-- edited with XMLSPY v5 rel. 2 U (http://www.xmlspy.com) by jesus_mjjg (666) -->
<lsmd version="0.1" fileversion="1.0" xmlns:xsi="http://www.w3.org/2001/XMLSchema-instance" xsi:noNamespaceSchemaLocation="lsmd.xsd">
	<author name="Arlo Kleijweg" email="mrmidi@gmx.net" icq="7342277" msn="arlokleijweg@msn.com" yim="arlokleijweg" aim="arlokleijweg">     
		Mr. Midi      
		<url src="http://mrmidi.opweb.nl/">Mr. Midi's Homepage</url>
	</author>
	<module filename="taskbar3.dll" friendlyname="taskbar3" type="loadmodule" version="0.305 rc 20030124-12h55" size="" crc="">
		<description>
			Taskbar3 is a module that lets you have a taskbar, just like windows does, so you can click on taskbar buttons to switch to a window, minimize it, maximize it, ... 
			but this time with much more customizations, effects, ...
			Taskbar3 is originally a rip from the default litestep taskbar. Hopefully, it has followed its own path since some times.
			Some pieces of code were taken from various other modules (in that case, look at the sources), but you can be sure that this module has some tasks.dll code (and ideas) inside.
		</description>
		<url src="http://users.skynet.be/fa052720/"/>
		<author name="jesus_mjjg" email="jesus_mjjg@skynet.be" icq="25829480" msn="jesus_mjjg@hotmail.com" yim="" aim="jesusmjjg">
			jesus_mjjg
			<url src="http://users.skynet.be/fa052720/"/>
		</author>
		<!-- positioning config -->
		<!--		<group location="step.rc"> -->
		<command name="TaskbarX">
			<integer accept-negative="true" default="0" min="-" max="" optional="true">x coordinate</integer>
			<description>Lets you specify the x (horizontal) coordinate of the taskbar.</description>
		</command>
		<command name="TaskbarY">
			<integer accept-negative="true" default="0" min="" max="" optional="true">y coordinate</integer>
			<description>Lets you specify the y (vertical) coordinate of the taskbar.</description>
		</command>
		<command name="TaskbarWidth">
			<integer accept-negative="false" default="$ResolutionX$" optional="true">width</integer>
			<description>Lets you specify the width of the taskbar.</description>
		</command>
		<command name="TaskbarHeight">
			<integer accept-negative="false" default="depends on the font used, so try it..." optional="true">height</integer>
			<description>Lets you specify the height of the taskbar.</description>
		</command>
		<command name="TaskbarAlwaysOnTop">
			<bool default="false" optional="true"/>
			<description>Positions the taskbar above any other window.</description>
		</command>
		<description>These are the positioning commands, that let you put the window on the screen.</description>
		<!--		</group> -->
		<!-- end positioning config -->
		<!-- flashing config -->
		<command name="TaskbarDisableFlashing">
			<bool default="false" optional="true"/>
			<description>Set this to true if you don't want the taskbar buttons to flash on windows notifications (exemple: instant messenger windows).</description>
		</command>
		<command name="TaskbarUseRealFlashing">
			<bool default="false" optional="true"/>
			<description>Set this to true if you really want the taskbar buttons to flash instead of just changing skins/colors.</description>
		</command>
		<!-- end flashing config -->
		<command name="TaskbarRefresh">
			<integer accept-negative="false" default="500" min="100" max="max wm_timer value" optional="true"/>
			<description>The time in milliseconds before the taskbar is repainted.</description>
		</command>
		<command name="TaskbarButtonDirection">
			<list>
				<item value=".left">Left</item>
				<item value=".right">Right</item>
			</list>
			<description>Which direction will buttons go.</description>
		</command>
		<command name="TaskbarMaxButtonCount">
			<integer accept-negative="false" default="$TaskbarWidth$" min="1" max="$TaskbarWidth$" optional="true">Maximum buttons number.</integer>
			<description>The maximum number of showable buttons (navigate through them using !taskbarshowpart next/prev) .</description>
		</command>
		<command name="TaskbarUseToolTips">
			<bool default="true" optional="true"/>
			<description>Whether to use tooltips for task buttons or not.</description>
		</command>
		<command name="TaskbarMaxTaskWidth">
			<integer accept-negative="false" default="$TaskbarWidth$" min="0" max="$TaskbarWidth$" optional="true"/>
			<description>The maximum width of a task button.</description>
		</command>
		<command name="TaskbarNoSkinShift">
			<bool default="false" optional="true"/>
			<description>the taskbar skin will not move as a task button is pressed.</description>
		</command>
		<command name="TaskbarNoFontShift">
			<bool default="false" optional="true"/>
			<description>the text on the task buttons will not move as a taskbar button is pressed.</description>
		</command>
		<!-- MESS -->
		<command name="TaskbarBorder">
			<paramset>
				<integer accept-negative="false" default="4" optional="true">uniform border</integer>
			</paramset>
			<paramset>
				<integer accept-negative="false" optional="true">left</integer>
				<integer accept-negative="false" optional="true">right</integer>
				<integer accept-negative="false" optional="true">top</integer>
				<integer accept-negative="false" optional="true">bottom</integer>
			</paramset>
			<description>Defines the border size between the taskbar itself and the buttons.</description>
		</command>
		<command name="TaskbarButtonBorder">
			<paramset>
				<integer accept-negative="false" default="4" optional="true">uniform border</integer>
			</paramset>
			<paramset>
				<integer accept-negative="false" optional="true">left</integer>
				<integer accept-negative="false" optional="true">right</integer>
				<integer accept-negative="false" optional="true">top</integer>
				<integer accept-negative="false" optional="true">bottom</integer>
			</paramset>
			<description>Defines the border size between any taskbar button and the icon/the text border.</description>
		</command>
		<command name="TaskbarButtonFontBorder">
			<paramset>
				<integer accept-negative="false" default="20 0 0 0" optional="true">uniform border</integer>
			</paramset>
			<paramset>
				<integer accept-negative="false" default="20" optional="true">left</integer>
				<integer accept-negative="false" default="0" optional="true">right</integer>
				<integer accept-negative="false" default="0" optional="true">top</integer>
				<integer accept-negative="false" default="0" optional="true">bottom</integer>
			</paramset>
			<description>Defines the border size between any taskbarbuttonborder and the text.</description>
		</command>
		<command name="TaskbarSpacing">
			<integer accept-negative="false" default="3" min="0" max="$taskbarwidth$" optional="true"/>
			<description>Defines the spacing between buttons inside the taskbar.</description>
		</command>
		<command name="TaskbarIconShow">
			<bool default="true" optional="true"/>
			<description>Are the icons shown or not.</description>
		</command>
		<command name="TaskbarIconX">
			<integer accept-negative="true" default="0" min="0" max="less than $taskbarmaxbuttonwidth$" optional="true"/>
			<description>Where to place icons inside taskbarbuttonborder. negative numbers centers it.</description>
		</command>
		<command name="TaskbarIconY">
			<integer accept-negative="true" default="0" min="0" max="less than $taskbarheight$" optional="true"/>
			<description>Where to place icons inside taskbarbuttonborder. negative numbers centers it.</description>
		</command>
		<command name="TaskbarIconSize">
			<integer accept-negative="false" default="16" min="0" max="[smaller ($taskbarheight$, $taskbarmaxbuttonwidth$ )-various borders]" optional="true"/>
			<description>The icon size (maximum icon size, in fact).</description>
		</command>
		<command name="TaskbarUseHueing">
			<bool default="false" optional="true"/>
			<description>Use hue effect on icons.</description>
		</command>
		<command name="TaskbarHueColor">
			<color default="7d7d7d" optional="true"/>
			<description>Hueing color for all kind of buttons.</description>
		</command>
		<command name="TaskbarHueIntensity">
			<integer accept-negative="false" default="0" min="0" max="255" optional="true"/>
			<description>Hueing intensity for all kind of buttons.</description>
		</command>
		<command name="TaskbarUseSaturation">
			<bool default="false" optional="true"/>
			<description>Use saturation effect on icons.</description>
		</command>
		<command name="TaskbarSaturationIntensity">
			<integer accept-negative="false" default="0" min="0" max="255" optional="true"/>
			<description>Saturation intensity for all kind of buttons.</description>
		</command>
		<!-- skins -->
		<!-- skins -->
		<command name="Back">
			<prefixes>
				<prefix>TaskbarNormal</prefix>
				<prefix>TaskbarActive</prefix>
				<prefix>TaskbarMinimized</prefix>
				<prefix>TaskbarFlashing</prefix>
				<!--<prefix-default>TaskbarAll</prefix-default>-->
			</prefixes>
			<color default="c0bfc0" optional="true"/>
			<description>background color of the taskbar. 
						You can use the suffix -back with any kind of button state or use the default TaskbarAll to set all of them at once.
						example: TaskbarFlashingBack
						</description>
		</command>
		<command name="Fore">
			<prefixes>
				<prefix>TaskbarNormal</prefix>
				<prefix>TaskbarActive</prefix>
				<prefix>TaskbarMinimized</prefix>
				<prefix>TaskbarFlashing</prefix>
				<!--<prefix-default>TaskbarAll</prefix-default>-->
			</prefixes>
			<color default="ffffff" optional="true"/>
			<description>sets the color of the light bevel around the edge of the taskbar and task buttons, creating a 3d effect.														you can use the suffix -fore with any kind of button state (normal, active, minimized, flashing, or nothing for the taskbar)
							example: taskbarflashingfore
							</description>
		</command>
		<command name="Fore2">
			<prefixes>
				<prefix>TaskbarNormal</prefix>
				<prefix>TaskbarActive</prefix>
				<prefix>TaskbarMinimized</prefix>
				<prefix>TaskbarFlashing</prefix>
				<!--<prefix-default>TaskbarAll</prefix-default>-->
			</prefixes>
			<color default="ffffff" optional="true"/>
			<description>sets the color of the dark bevel around the edge of the taskbar and task buttons, creating a 3d effect.
							you can use the suffix -fore2 with any kind of button state (normal, active, minimized, flashing, or nothing for the taskbar)
							example: taskbarflashingfore2
							</description>
		</command>
		<command name="SkinCenter">
			<prefixes>
				<prefix>TaskbarNormal</prefix>
				<prefix>TaskbarActive</prefix>
				<prefix>TaskbarMinimized</prefix>
				<prefix>TaskbarFlashing</prefix>
				<!--<prefix-default>TaskbarAll</prefix-default>-->
			</prefixes>
			<image default="" optional="true"/>
			<description>sets the background image for the taskbar.
							if left and right parts are missing, center image gets stretched.
							you can use the suffix -skincenter with any kind of button state (normal, active, minimized, flashing, or nothing for the taskbar)
							example: taskbarflashingskincenter
							</description>
		</command>
		<command name="SkinLeft">
			<prefixes>
				<prefix>TaskbarNormal</prefix>
				<prefix>TaskbarActive</prefix>
				<prefix>TaskbarMinimized</prefix>
				<prefix>TaskbarFlashing</prefix>
				<!--<prefix-default>TaskbarAll</prefix-default>-->
			</prefixes>
			<image default="" optional="true"/>
			<description>sets the image for the left edge of the taskbar.
							you can use the suffix -skinleft with any kind of button state (normal, active, minimized, flashing, or nothing for the taskbar)
							example: taskbarflashingskinleft
							</description>
		</command>
		<command name="SkinRight">
			<prefixes>
				<prefix>TaskbarNormal</prefix>
				<prefix>TaskbarActive</prefix>
				<prefix>TaskbarMinimized</prefix>
				<prefix>TaskbarFlashing</prefix>
				<!--<prefix-default>TaskbarAll</prefix-default>-->
			</prefixes>
			<image default="" optional="true"/>
			<description>sets the image for the right edge of the taskbar.
							you can use the suffix -skinrightwith any kind of button state (normal, active, minimized, flashing, or nothing for the taskbar)
							example: taskbarflashingskinright
							</description>
		</command> -->
		<!-- fonts -->
		<command name="TaskbarFontShow">
			<bool default="false" optional="true"/>
			<description>Is the text shown or not. (todo: add per-state too ?)</description>
		</command>
		<command name="FontFace">
			<prefixes>
				<prefix>TaskbarNormal</prefix>
				<prefix>TaskbarActive</prefix>
				<prefix>TaskbarMinimized</prefix>
				<prefix>TaskbarFlashing</prefix>
				<!--<prefix-default>TaskbarAll</prefix-default>-->
			</prefixes>
			<font default="sytem font, otherwise, other states default to taskbarnormalfontface" optional="true"/>
			<description>sets the font face to be used in the taskbar buttons.
							you can use the suffix -fontface with any kind of button state (normal, active, minimized, flashing)
							example: taskbarflashingfontface
							</description>
		</command>
		<command name="FontSize">
			<prefixes>
				<prefix>TaskbarNormal</prefix>
				<prefix>TaskbarActive</prefix>
				<prefix>TaskbarMinimized</prefix>
				<prefix>TaskbarFlashing</prefix>
				<!--<prefix-default>TaskbarAll</prefix-default>-->
			</prefixes>
			<integer default="sytem font size, otherwise, other states default to taskbarnormalfontsize" optional="true"/>
			<description>sets the font size to be used in the taskbar buttons.
							you can use the suffix -fontface with any kind of button state (normal, active, minimized, flashing)
							example: taskbarflashingfontface
							</description>
		</command>
		<command name="FontBold">
			<prefixes>
				<prefix>TaskbarNormal</prefix>
				<prefix>TaskbarActive</prefix>
				<prefix>TaskbarMinimized</prefix>
				<prefix>TaskbarFlashing</prefix>
				<!--<prefix-default>TaskbarAll</prefix-default>-->
			</prefixes>
			<bool default="false" optional="true"/>
			<description>configures the taskbar to display the button name in bold text.
							you can use the suffix -fontbold with any kind of button state (normal, active, minimized, flashing)
							example: taskbarflashingfontbold
							</description>
		</command>
		<command name="FontItalic">
			<prefixes>
				<prefix>TaskbarNormal</prefix>
				<prefix>TaskbarActive</prefix>
				<prefix>TaskbarMinimized</prefix>
				<prefix>TaskbarFlashing</prefix>
				<!--<prefix-default>TaskbarAll</prefix-default>-->
			</prefixes>
			<bool default="false" optional="true"/>
			<description>configures the taskbar to display the button name in italic text.
							you can use the suffix -fontitalic with any kind of button state (normal, active, minimized, flashing)
							example: taskbarflashingfontitalic
							</description>
		</command>
		<command name="FontUnderline">
			<prefixes>
				<prefix>TaskbarNormal</prefix>
				<prefix>TaskbarActive</prefix>
				<prefix>TaskbarMinimized</prefix>
				<prefix>TaskbarFlashing</prefix>
				<!--<prefix-default>TaskbarAll</prefix-default>-->
			</prefixes>
			<bool default="false" optional="true"/>
			<description>configures the taskbar to display the button name in underlined text.
							you can use the suffix -fontunderline with any kind of button state (normal, active, minimized, flashing)
							example: taskbarflashingfontunderline
							</description>
		</command>
		<command name="FontColor">
			<prefixes>
				<prefix>TaskbarNormal</prefix>
				<prefix>TaskbarActive</prefix>
				<prefix>TaskbarMinimized</prefix>
				<prefix>TaskbarFlashing</prefix>
				<!--<prefix-default>TaskbarAll</prefix-default>-->
			</prefixes>
			<color default="000000" optional="true"/>
			<description>sets the color of text on the &lt;state&gt; taskbar buttons.
							you can use the suffix -fontcolor with any kind of button state (normal, active, minimized, flashing)
							example: taskbarflashingfontcolor
							</description>
		</command> -->
		<!-- font shadow -->
		<command name="TaskbarUseFontShadow">
			<bool default="false" optional="true"/>
			<description>set this to true if you want font shadows to appear on taskbar buttons.</description>
		</command>
		<command name="FontShadowColor">
			<prefixes>
				<prefix>TaskbarNormal</prefix>
				<prefix>TaskbarActive</prefix>
				<prefix>TaskbarMinimized</prefix>
				<prefix>TaskbarFlashing</prefix>
				<!--<prefix-default>TaskbarAll</prefix-default>-->
			</prefixes>
			<color default="00000" optional="true"/>
			<description>set the color for font shadows.
							you can use the suffix -fontshadowcolor with any kind of button state (normal, active, minimized, flashing, and none to set for all states)
							example: taskbarfontshadowcolor
							</description>
		</command>
		<command name="FontShadowOffsetX">
			<prefixes>
				<prefix>TaskbarNormal</prefix>
				<prefix>TaskbarActive</prefix>
				<prefix>TaskbarMinimized</prefix>
				<prefix>TaskbarFlashing</prefix>
				<!--<prefix-default>TaskbarAll</prefix-default>-->
			</prefixes>
			<integer default="1" optional="true"/>
			<description>set horizontal offest for font shadows.
							you can use the suffix -fontshadowoffsetx with any kind of button state (normal, active, minimized, flashing, and none to set for all states)
							example: taskbarfontshadowoffsetx
							</description>
		</command>
		<command name="FontShadowOffsetY">
			<prefixes>
				<prefix>TaskbarNormal</prefix>
				<prefix>TaskbarActive</prefix>
				<prefix>TaskbarMinimized</prefix>
				<prefix>TaskbarFlashing</prefix>
				<!--<prefix-default>TaskbarAll</prefix-default>-->
			</prefixes>
			<integer default="1" optional="true"/>
			<description>set vertical offest for font shadows.
							you can use the suffix -fontshadowoffsety with any kind of button state (normal, active, minimized, flashing, and none to set for all states)
							example: taskbarfontshadowoffsety
							</description>
		</command>
		<command name="HorizontalFontAlign">
			<prefixes>
				<prefix>TaskbarNormal</prefix>
				<prefix>TaskbarActive</prefix>
				<prefix>TaskbarMinimized</prefix>
				<prefix>TaskbarFlashing</prefix>
				<prefix-default>Taskbar</prefix-default>
			</prefixes>
			<list>
				<item value=".left">Left</item>
				<item value=".right">Right</item>
				<item value=".center">Center</item>
			</list>
			<description>General horizontal font alignment. With anything else than the TaskbarHorizontalFontAlign, Horizontal gets shortened to H.
						example: TaskbarNormalHFontAlign
			</description>
		</command>
		<command name="VerticalFontAlign">
			<prefixes>
				<prefix>TaskbarNormal</prefix>
				<prefix>TaskbarActive</prefix>
				<prefix>TaskbarMinimized</prefix>
				<prefix>TaskbarFlashing</prefix>
				<prefix-default>Taskbar</prefix-default>
			</prefixes>
			<list>
				<item value=".center">Center</item>
				<item value=".top">Top</item>
				<item value=".bottom">Bottom</item>
			</list>
			<description>General vertical font alignment. With anything else than the TaskbarVerticalFontAlign, Horizontal gets shortened to V.
						example: TaskbarNormalVFontAlign
			</description>
		</command>
		<!--<command name="*taskbarnoflash">
			<string default="" optional="true"/>
			<description>[(part of) window title/class name], multiple entries possible. this list is to set windows that will not flash (while other ones flash normally).</description>
		</command>
		<command name="*taskbarremove">
			<string default="" optional="true"/>
			<description>[(part of) window title/class name], multiple entries possible. this list is to set windows that will be removed from the taskbar.</description>
		</command>
		<command name="*taskbaradd">
			<string default="" optional="true"/>
			<description>[(part of) window title/class name], multiple entries possible. this list is to set windows that will be forcedly added to the taskbar.</description>
		</command>
		<command name="*taskbarhide">
			<string default="" optional="true"/>
			<description>[(part of) window title/class name], multiple entries possible. this list is to set windows that will not appear on the taskbar if taskbarhidetasks is set to true until you !taskbarshowtasks.</description>
		</command>
		<command name="taskbarhidetasks">
			<bool default="false" optional="true"/>
			<description>hide the tasks that are on *taskbarhide list at startup if set to true.</description>
		</command> -->
		<!-- 20030123 Add Postfixes ??-->
		<command name="ButtonDown">
			<prefixes>
				<prefix>TaskbarL</prefix>
				<prefix>TaskbarR</prefix>
				<prefix>TaskbarM</prefix>
			</prefixes>
			<string default="!none" optional="true"/>
			<description>For clicks on the taskbar itself. these are commands (programs, ...).
						example: taskbarlbuttondown $command$
			</description>
		</command>
		<command name="ButtonUp">
			<prefixes>
				<prefix>TaskbarL</prefix>
				<prefix>TaskbarR</prefix>
				<prefix>TaskbarM</prefix>
			</prefixes>
			<string default="!none" optional="true"/>
			<description>For clicks on the taskbar itself. these are commands (programs, ...).
						example: taskbarlbuttondown $command$
			</description>
		</command>
		<!--		<command name="taskbartbutton[l,r,m]">
			<list>
				<item value=".select">Normal select.</item>
				<item value=".menu">Right click menu</item>
				<item value=".close">Close (like clicking on the X in the title)</item>
				<item value=".close2">Brutal close (beware ... now you were warned)</item>
				<item value=".ontop">Set on top/not on top</item>
			</list>
				<description>
					What action should be triggered on the button's window when clicked.
				</description>
		</command> -->
		<!--		<command name="TaskbaronAdd">
			<string default="!none" optional="true"/>
			<description>command to be executed when a button is added to the taskbar.</description>
		</command>
		<command name="taskbarondel">
			<string default="!none" optional="true"/>
			<description>command to be executed when a button is removed from the taskbar.</description>
		</command>
		<command name="taskbaronflashstart">
			<string default="!none" optional="true"/>
			<description>command to be executed when the first button starts flashing on the taskbar. (not working well when taskbar3 is hidden)</description>
		</command>
		<command name="taskbaronflashstop">
			<string default="!none" optional="true"/>
			<description>command to be executed when the last button stops flashing on the taskbar. (not working well when taskbar3 is hidden)</description>
		</command>-->
		<!-- ********************************************************************************************************************************************************************************* -->
		<bang name="TaskbarHide">
			<description>Allows you to hide a visible taskbar.</description>
		</bang>
		<bang name="TaskbarShow">
			<description>Allows you to show an hidden taskbar.</description>
		</bang>
		<bang name="TaskbarToggle">
			<description>Lets you switch between a hidden and shown state.</description>
		</bang>
		<bang name="TaskbarSize">
			<integer accept-negative="true" default="0">width</integer>
			<integer accept-negative="true" default="0">height</integer>
			<description>Lets you resize the taskbar (negative number -> keeps setting).</description>
		</bang>
		<bang name="TaskbarMove">
			<integer accept-negative="true" default="0">x</integer>
			<integer accept-negative="true" default="0">y</integer>
			<description>Lets you move the taskbar (negative numbers work too, even in a box).</description>
		</bang>
		<bang name="TaskbarMoveBy">
			<integer accept-negative="true" default="0">diffx</integer>
			<integer accept-negative="true" default="0">diffy</integer>
			<description>Lets you move the taskbar according to its actual positioning (negative numbers work too, even in a box).</description>
		</bang>
		<bang name="TaskbarBoxHook">
			<description>Lets you put the taskbar in a box, usiong lsbox (see lsbox docs).</description>
		</bang>
		<bang name="TaskbarLines">
			<integer accept-negative="true" default="0">lines</integer>
			<description>Lets you specify the number of lines you want the taskbar to have. you have to compute the height by yourself at the moment, but this setting is going to change.</description>
		</bang>
		<bang name="TaskbarShrink">
			<integer accept-negative="true" default="0">diffx</integer>
			<integer accept-negative="true" default="0">diffy</integer>
			<description>Lets you shrink the taskbar according to its actual size (negative number -> keeps setting). this is handy when used with systray2kad to have an autosizing taskbar/systray (see example below).</description>
		</bang>
		<bang name="TaskbarGrow">
			<integer accept-negative="true" default="0">diffx</integer>
			<integer accept-negative="true" default="0">diffy</integer>
			<description>Lets you grow the taskbar according to its actual size (negative number -> keeps setting). this is handy when used with systray2kad to have an autosizing taskbar/systray (see example below).</description>
		</bang>
		<bang name="TaskbarHideTasks">
			<description>Hides the tasks that are on the *taskbarhide list.</description>
		</bang>
		<bang name="TaskbarShowTasks">
			<description>Shows the tasks that are on the *taskbarhide list.</description>
		</bang>
		<bang name="TaskbarToggleTasks">
			<description>Toggles the two previous settings.</description>
		</bang>
		<bang name="TaskbarSwitch">
			<list>
				<item value="next">Next</item>
				<item value="prev">Previous</item>
				<description>Will switch to the window after/before the last active button.</description>
			</list>
		</bang>
		<bang name="TaskbarShowPart">
			<list>
				<item value="next">Next</item>
				<item value="prev">Previous</item>
				<description>When using taskbarmaxbuttoncount setting, those bangs let you scroll through the shown buttons (one at a time).</description>
			</list>
		</bang>
		<!-- ********************************************************************************************************************************************************************************* -->
	</module>
</lsmd>
