<?xml version="1.0" encoding="UTF-8"?>
<?xml-stylesheet type="text/xsl" href="ruDocs.xsl"?>
<lsmd spec="0.3p" version="1.0.0">
	<author>Seg@</author>
	<copyright year="2004-2005">Seg@.  Distributed under the GNU GPL2 license.</copyright>
	<module version="1.0" basename="Clickonic" category="desktop" load-free="true" load-wharf="false">
		<author name="Sergey Gagarin" email="inform-sega_AT_freemail.ru" web="http://www.litestep.bip.ru" icq="162261148">Seg@</author>
		<documentation>
			<description>
				<p>
					Clickonic.dll is a LiteStep Desktop module, that provides the ability to view folders on the desktop.
					Unlike the IconDesk, it is less customizable, but it completely supports drag-and-drop operations,
					so you can place your icons like YOU want...
				</p>
			</description>
			<section id="install" name="Installation">
				<description>
					<p>
						Put Clickonic.dll in any directory you like, for example <code>C:\LiteStep\</code>,
						then add this line to step.rc
					</p>
					<example>LoadModule "C:\LiteStep\Clickonic-1.0.dll"</example>
					<p>
						In the case you're using OTS2 compatible distro such as Omar's LiteStep Installer,
						AngelKnight's EZ2Install or Joshhh's Dist.ru, you should use the *NetLoadModule pseudo-operator:
					</p>
					<example>*NetLoadModule Clickonic-1.0</example>
				</description>
			</section>
			<section id="usage" name="Usage">
				<description>
					<p>
						Clickonic.dll can handle multiple icon groups, so first of all you need to instruct
						the module about groups' names. They will be used to configure and control the groups.
					</p>
					<!-- Actually there should be a <multiple> option here, but it is ugly looking =( -->
					<p>
						New group should be defined in the next manner:
					</p>
					<example>
*Clickonic [name]</example>
					<p>
						and the group options have the following form:
					</p>
					<example>
[name][option] [value]</example>
					<p>
						Example:
					</p>
					<example>
*Clickonic DeskIcons
DeskIconsFolder ".desktop"</example>
				</description>
			</section>			
			<section id="sample" name="Sample Configuration">
				<description>
					<example>
;===============================================
;  Desktop icons (Clickonic.dll v1.0)
;-----------------------------------------------

DeskIconsFolder ".desktop"

DeskIconsX 50
DeskIconsY 50

DeskIconsWidth  300
DeskIconsHeight 300

DeskIconsSpacingX 64
DeskIconsSpacingY 64

DeskIconsStartHidden false
DeskIconsNoScroll true

DeskIconsFont Tahoma
DeskIconsFontSize 12
DeskIconsFontItalic false
DeskIconsFontBold true
DeskIconsFontColor FFFFFF

					</example>
				</description>
			</section>
			<section id="settings" name="Settings">
				<description>
					<p>
						Note please, that each option begins from the group name, specified in the <strong>*Clickonic</strong> line.
					</p>
				</description>
			</section>
			<section id="control" name="Bang commands">
				<description>
					<p>
						Note, please, that the first parameter of each !bang command is a box name
						written in the <strong>*QuickLaunch</strong> line!
						If you forget to specify it, an error message will pop up.
					</p>
				</description>
			</section>
		</documentation>
		<!-- @@@@@@@@@@@@@@@@@@  deafults @@@@@@@@@@@@@@@@ -->
		<data>
			<coordinate id="X1" default="0"/>
			<coordinate id="Y1" default="0"/>
			
			<integer id="Width1"  default="$ResolutionX$"/>
			<integer id="Height1" default="$ResolutionY$"/>

			<integer id="SpacingX1" default="-1"/>
			<integer id="SpacingY1" default="-1"/>

			<bool id="StartHidden1" default="false"/>
			<bool id="NoScroll1" default="false"/>

			<font id="Font1" default="Arial"/>
			<integer id="FontSize1" default="14"/>
			<bool id="FontItalic1" default="false"/>
			<bool id="FontBold1" default="false"/>
			<color id="FontColor" default="FFFFFF"/>
		</data>
		<!-- @@@@@@@@@@@@@@@@@@  config @@@@@@@@@@@@@@@@ -->
		<config>
			<group section="settings">
				<single name="(group)Folder">
					<string data="Folder1"/>
					<description>
						<p>A folder to display. Use ".desktop" to show full desktop content or $Desktop$ to show only icons</p>
					</description>
				</single>
				<single name="(group)X">
					<coordinate data="X1"/>
					<description>
						<p>Horizontal coordinate of the top left corner of the group</p>
					</description>
				</single>
				<single name="(group)Y">
					<coordinate data="Y1"/>
					<description>
						<p>Vertical coordinate of the top left corner of the group</p>
					</description>
				</single>
				<single name="(group)Width">
					<integer data="Width1"/>
					<description>
						<p>Initial width of the icon group.</p>
					</description>
				</single>
				<single name="(group)Height">
					<integer data="Height1"/>
					<description>
						<p>Initial height of the icon group.</p>
					</description>
				</single>
				<single name="(group)SpacingX">
					<integer data="SpacingX1"/>
					<description>
						<p>
							Horizontal distance between neighbour icons. Include the icon size here too!
							If both <strong>(group)SpacingX</strong> and <xref>(group)SpacingY</xref> are set to -1,
							the default system options will be used.
						</p>
					</description>
				</single>
				<single name="(box)IconSpacingY">
					<integer data="IconSpacingY1"/>
					<description>
						<p>
							Vertical distance between neighbour icons. Include the icon size here too!
							If both <xref>(group)SpacingX</xref> and <strong>(group)SpacingY</strong> are set to -1,
							the default system options will be used.
						</p>
					</description>
				</single>				
				<single name="(group)Font">
					<font data="Font1"/>
					<description>
						<p>Sets the name of the font used to display file names.</p>
					</description>
				</single>				
				<single name="(group)FontSize">
					<integer data="FontSize1"/>
					<description>
						<p>Sets the height of the font used to display the file names.</p>
					</description>
				</single>
				<single name="(group)FontItalic">
					<bool data="FontItalic1"/>
					<description>
						<p>If this command is present then the font will be italic.</p>
					</description>
				</single>
				<single name="(group)FontBold">
					<bool data="FontBold1"/>
					<description>
						<p>If this command is present then the font will be bold.</p>
					</description>
				</single>
				<single name="(group)FontColor">
					<color data="FontColor1"/>
					<description>
						<p>Sets the color of the font used to display the file names.</p>
					</description>
				</single>
				
				<single name="(group)StartHidden">
					<bool data="StartHidden1"/>
					<description>
						<p>Sets the initial visibility</p>
					</description>
				</single>
				<single name="(group)NoScroll">
					<bool data="NoScroll1"/>
					<description>
						<p>Don't show the scroll bars</p>
					</description>
				</single>
			</group>
		</config>
		<!-- @@@@@@@@@@@@@@@@@@  bangs  @@@@@@@@@@@@@@@@ -->
		<control>
			<group section="control">
				<bang name="ClickonicShow">
					<string/>
					<description>
						<p>Show the group.</p>
					</description>
				</bang>
				<bang name="ClickonicHide">
					<string/>
					<description>
						<p>Hide the group.</p>
					</description>
				</bang>
				<bang name="ClickonicToggle">
					<string/>
					<description>
						<p>Toggle the group visibility state.</p>
					</description>
				</bang>
			</group>
		</control>
		<history>
			<revision version="1.0" by="Seg@" date="2005-12-06">
				<note>
					That's a first public release. Actually the most part of the module has been coded in 3 days of December 2004,
					but I havn't enough time to finish the development till the yesterday =(
				</note>
			</revision>
		</history>
	</module>
	<history>
		<revision version="1.0.0">
			<note>First version as lsmd.</note>
		</revision>
	</history>
</lsmd>
