<?xml version="1.0" encoding="UTF-8"?>
<?xml-stylesheet type="text/xsl" href="ruDocs.xsl"?>
<lsmd spec="0.3p" version="1.0.0">
	<author>Seg@</author>
	<copyright year="2004">Seg@.  Distributed under the GNU GPL2 license.</copyright>
	<module version="0.2" basename="umSlider" category="audio" load-free="true" load-wharf="false">
		<author name="Sergey Gagarin" email="inform-sega_AT_freemail.ru" web="http://www.litestep.bip.ru" icq="162261148">Seg@</author>
		<documentation>
			<description>
				<p>
					umSlider.dll is just a copy of blkhawk's LSSlider. It has been written only to avoid a WinXP CPU bug =).
					BTW if you don't know what LSSlider is; it controls Winamp or any given channel of your soundcard.
				</p>
			</description>
			<section id="install" name="Installation">
				<description>
					<p>
						Put umSlider.dll in any directory you like, for example <code>C:\LiteStep\</code>,
						then add this line to step.rc
					</p>
					<example>LoadModule "C:\LiteStep\umSlider.dll"</example>
					<p>
						In the case you're using OTS2 compatible distro such as Omar's LiteStep Installer,
						AngelKnight's EZ2Install or Joshhh's Dist.ru, you should use the *NetLoadModule pseudo-operator:
					</p>
					<example>*NetLoadModule umSlider-1.0</example>
				</description>
			</section>
			<section id="usage" name="Usage">
				<description>
					<!--
						Actually here should be a *multiple, but it is too uuugly.
						LSMD is needed to be improved
					-->
					<p>
						LsSlider is configured like the Shortcut or the Dwharf module:
					</p>
					<example>*Slider ["caption"] [x] [y] [offset] [background.bmp] [handle.bmp] [flags] [SLIDERMODE] &lt;channel&gt;</example>
					<p>
						And here is a bang systax for the LSBox hook support (it is completely similar)
					</p>
					<example>*ModuleHook !SliderHook ["caption"] [x] [y] [offset] [background.bmp] [handle.bmp] [flags] [SLIDERMODE] &lt;options&gt;</example>
					<p>
						<code>
["caption"]
	The text description that is displayed when the cursor hovers over the slider.

[x] and [y]
	The coordinates for the top-left corner of the slider.
	Can be negative to place the slider relative to the right and/or bottom edge of the screen.

[offset]
	An offset of the SliderBar's handle from the edge of the slider.

*.bmp
	These are the images used for the background and the handle of the Slider.

[Flags]
	An array of Flags that control the behavior of the Slider.
	Use 'V' or 'H' to get either a Horizontal or a Vertical Slider.
	Either 'H' or 'V' have to be set to let the Slider function properly.
	Use 'A' to make a Slider stay ontop of all windows.
	Use 'T' to enable Magic Pink transparency.
	Use 'I' to invert a Slider.
	Use 'B' to start a Slider Hidden.
	You can assign a Slider to a Slidergroup by setting a #+the groupnumber.
	All sliders are assigned to Group 0 by default.

[SLIDERMODE]
	Here you can define what kind of Slider the Slider should be.
	There are currently four kind of "Modes":
	[VOLUME] &lt;channel&gt;
	[BALANCE] &lt;channel&gt;
	[WINAMP]

&lt;channel&gt;
	can be any number from 0 (usually MainVolume) upto the  number of
	channels your Soundcard has. You can also control the "Winamp channel"
	by useing "W" for &lt;channel&gt;
	There are no Options for the [WINAMP] Mode.
						</code>
					</p>
				</description>
			</section>			
			<section id="sample" name="Sample Configuration">
				<description>
					<example>
; WinAmp song position
*Slider "Winamp" 340 2 1 "slider.bmp" "Slider_Handle.bmp" HI [WINAMP]

; Main volume control. Usually it is the same as primary channel (#1)
*Slider "Main Volume" 356 2 1 "slider.bmp" "Slider_Handle.bmp" V [VOLUME] 0

; Example of LSBox/xLabel hook
*ModuleHook !SliderHook "MainVol" 33 3 3 slider_back.bmp slider_handle.bmp HI [VOLUME] 0 </example>
				</description>
			</section>
			<section id="sliderbangs" name="Slider Commands">
				<description>
					<p>
						Each slider bang except !SliderHook takes a group id as a parameter.
						Examples:
					</p>
					<example>
!ShowSliderGroup 0
!ToggleSliderGroup 8</example>
				</description>
			</section>
			<section id="vbangs" name="Volume Commands">
				<description>
					<p>
						The following bangs can be used to change the system volume (originally
						they were a part of the V_Bang.dll). First parameter of each !bang is a sound
						channel number.
					</p>
				</description>
			</section>
		</documentation>
		<!-- @@@@@@@@@@@@@@@@@@  deafults @@@@@@@@@@@@@@@@ -->
		<data>
		</data>
		<!-- @@@@@@@@@@@@@@@@@@  config @@@@@@@@@@@@@@@@ -->
		<config>
		</config>
		<!-- @@@@@@@@@@@@@@@@@@  bangs  @@@@@@@@@@@@@@@@ -->
		<control>
			<group section="sliderbangs">
				<bang name="SliderHook">
					<description>
						<p>
							It's a bang which can be used in *ModuleHook lines of the LsBox and similar modules.
							See corresponding modules' documentation for details.
						</p>
						<p>Don't call this bang manually!</p>
					</description>
				</bang>
				<bang name="SliderShowGroup">
					<integer/>
					<description>
						<p>Shows the group of sliders. LSSlider-like <strong>!ShowSliderGroup</strong> is available but not recommended</p>
					</description>
				</bang>
				<bang name="SliderHideGroup">
					<integer/>
					<description>
						<p>Hides the group of sliders. LSSlider-like <strong>!HideSliderGroup</strong> is available but not recommended</p>
					</description>
				</bang>
				<bang name="SliderToggleGroup">
					<string/>
					<description>
						<p>Toggle visibility state of the sliders group. LSSlider-like <strong>!ToggleSliderGroup</strong> is available but not recommended</p>
					</description>
				</bang>
			</group>
			<group section="vbangs">
				<bang name="SliderVolumeUp">
					<integer/>
					<description>
						<p>Increase channel volume.</p>
					</description>
				</bang>
				<bang name="SliderVolumeDown">
					<integer/>
					<description>
						<p>Decrease channel volume.</p>
					</description>
				</bang>
				<bang name="SliderMute">
					<integer/>
					<description>
						<p>Toggle channel on/off.</p>
					</description>
				</bang>
				<bang name="SliderBalanceLeft">
					<integer/>
					<description>
						<p>Change channel balance.</p>
					</description>
				</bang>
				<bang name="SliderBalanceRight">
					<integer/>
					<description>
						<p>Change channel balance.</p>
					</description>
				</bang>
				<bang name="SliderSetVolume">
					<integer/>
					<integer/>
					<description>
						<p>Set channel volume (the second parameter is a value from 0 to 100)</p>
					</description>
				</bang>
				<bang name="SliderSetBalance">
					<integer/>
					<integer/>
					<description>
						<p>Set channel balance (the second parameter is a value from -100 to 100)</p>
					</description>
				</bang>
			</group>
		</control>
		<history>
			<revision version="0.2" by="Seg@" date="2004-11-13">
				<note>
					I don't think there will be future releases, so it is a first and alone umSlider version.
				</note>
			</revision>
		</history>
	</module>
	<history>
		<revision version="1.0.0">
			<note>First version as lsmd.</note>
		</revision>
	</history>
</lsmd>
