<?xml version="1.0" encoding="UTF-8"?>
<?xml-stylesheet type="text/xsl" href="ruDocs.xsl"?>
<lsmd spec="0.3p" version="1.0.0">
	<author>Seg@</author>
	<copyright year="2000-2004">Assorted LiteStep Coders.  All hail documentation; read, update, and distribute.</copyright>
	<module version="1.42" basename="ckVWM" category="VWM" load-free="true" load-wharf="true">
		<author name="Chao-Kuo Lin" email="chaokuo_AT_iname.com" web="http://cklin.cjb.net">Chaku</author>
		<author email="ilmcuts_AT_gmx.net">ilmcuts</author>
		<author name="Sergey Gagarin" email="inform-sega_AT_freemail.ru" web="http://www.litestep.bip.ru" icq="162261148">Seg@</author>
		<documentation>
			<description>
				<p>
					ckVWM is a Virtual Window Manager, which increases the available work area
					by creating virtual desktops. The module provides the user with a means to create,
					configure and access these virtual desktops.
					ckVWM.dll can be loaded both in the wharf and LoadModule modes.
				</p>
			</description>
			<section id="install" name="Installation">
				<description>
					<p>
						Put ckVWM.dll in any directory you like, for example <code>C:\LiteStep\</code>,
						then add this line to step.rc
					</p>
					<example>LoadModule "C:\LiteStep\ckVWM.dll"</example>
					<p>
						or you can load it inside wharf as an applet by adding this entry:
					</p>
					<example>*Wharf "ckVWM" .none @"C:\LiteStep\ckVWM.dll"</example>
				</description>
			</section>
			<section id="sample" name="Sample Configuration">
				<description>
					<example>
;===============================================
;  Virtual Windows Manager (ckVWM v1.42)
;-----------------------------------------------

; Colours
VWMForeColor                 AACCAA
VWMBackColor                 114411
VWMSelBackColor              444444
VWMBorderColor               444444

VWMBackBmp                   wharf_bg_vwm.png

; Desktops
VWMDesksX                    2
VWMDesksY                    2

; Focus on the Center window of the new desktop when changing desktops
VWMFocusCenter

VWMShowIcons
					</example>
				</description>
			</section>
			<section id="desktops" name="Virtual Desktops">
			</section>			
			<section id="mouse" name="Mouse Functions">
				<description>
					<p>
						Valid entries for the settings listed below are:
						<code>
	0 - disables mouse button,
	1 - button will switch to the virtual desktop that you click on,
	2 - button will drag the miniwindows and the vwm display.</code>
					</p>
					<p>
						Drag and drop is also supported.
						You can drop a file on miniview, and the file will open inside the virtual desktop
						that you drop it on.
					</p>
				</description>
			</section>
			<section id="miniview" name="Miniview Appearance">
			</section>
			<section id="behaviour" name="Miniview Behaviour">
			</section>
			<section id="switching" name="Desktop Switching">
			</section>
			<section id="restore" name="Restoring Windows">
				<description>
					<p>
						Sometimes you can... lost a window... Strrrrange? Sadly, but it's a truth.
					</p>
					<p>
						It can be a window on another virtual desktop while you have tens of the applications
						started and don't want to spend time on search. Or a damn "enhanced" application
						moved it's window outside of the virtual desktop area.
					</p>
					<p>
						If you have LSXCommand started, or uses !PopupRun, it is easy to recover hidden
						window. Just execute <xref>!VWMRestore</xref> bang. Here some settings for it.
					</p>
				</description>
			</section>
			<section id="lists" name="Exclusions">
				<description>
					<p>
						Of course, there can be some applications or some windows you want to control manually.
						To bind a window to the desktop like LiteStep interface element or start it on the specific desktop.
					</p>
					<p>
						The following options can help you to define such windows. A string is a window title or class
						pattern (see LiteStep core documentation to learn how to define patterns). To obtain the class
						name, you can use WinSpy, or InqSoft Window Scanner (http://inqsoft.tsx.org).
						Note that there can be as much these lines as you want (it's a LiteStep rule: lines beginning from
						the asterisk can be specified multiple times)
					</p>
				</description>
			</section>
			<section id="control" name="Bang commands">
				<description>
					<p>
						Some options are disabled when VWM display is docked on the wharf,
						like the ability to specify your own height, width, and x,y positioning.
						Generally, if an option doesn't make sense to be available to a wharf module,
						then it has probably been disabled. Rollup is disabled, Reset does nothing, etc.
					</p>
					<p>
						Also note that when undocked ckVWM is hooked to the LsBox or xLabel,
						it's functionality is limited like in the docked mode. Sorry, but !VWMLsBoxHook is
						implemented as a temporary hack of the Wharf mode.
					</p>
				</description>
			</section>
		</documentation>
		<data>
			<!-- Virtual Desktops -->
			<bool id="VWMUseInitialDesk1" default="false"/>
			<integer id="VWMInitialDesk1" default="1"/>
			<integer id="VWMDesksX1" default="0"/>
			<integer id="VWMDesksY1" default="0"/>
			
			<!-- Mouse Functions -->
			<integer id="VWMMouseRight1" default="1"/>
			<integer id="VWMMouseLeft1"  default="2"/>
			<integer id="VWMMouseMiddle1" default="0"/>

			<!-- Miniview Appearance -->
			<coordinate id="VWMx1" default="0"/>
			<coordinate id="VWMy1" default="0"/>
			<integer id="VWMWidth1" default="64"/>
			<integer id="VWMHeight1" default="64"/>
			<bool id="VWMTitlebars1" default="false"/>
			<integer id="VWMTitlebarMod1" default="16"/>
			<bool id="VWMShowIcons1" default="false"/>
			<integer id="VWMIconSize1" default="16"/>
			<bool id="VWMBevel1"  default="false"/>
			<color id="VWMForeColor1" default="FFFFFF"/>
			<color id="VWMBackColor1" default="808080"/>
			<color id="VWMSelBackColor1" default="404040"/>
			<color id="VWMBorderColor1" default="000000"/>
			<color id="VWMWinColor1" default="808080"/>
			<image id="VWMBackBmp1" default=".none"/>
			<image id="VWMSelBackBmp1" default=".none"/>
			<image id="VWMTitleBarBmp1" default=".none"/>
			<image id="VWMWinBmp1" default=".none"/>
			<bool id="VWMNoBorder1" default="false"/>
			<bool id="VWMNoWindows1" default="false"/>
			<bool id="VWMWindowsHints1" default="false"/>
			
			<!-- Desktop Switching -->
			<bool id="VWMNoSwitchOnFocus1" default="false"/>
			<bool id="VWMFocusCenter1" default="false"/>
			<bool id="VWMNoGathering1" default="false"/>
			<bool id="VWMAutoSwitch1" default="false"/>
			<integer id="VWMAutoSwitchDistance1" default="1"/>
			<integer id="VWMAutoSwitchDelay1" default="50"/>
			<bool id="VWMDisableVerticalAutoSwitch1" default="false"/>
			<bool id="VWMDisableHorizontalAutoSwitch1" default="false"/>
			<bool id="VWMHideTaskOnSwitch1" default="false"/>
			<bool id="VWMWrapScreen1" default="false"/>
			<bool id="VWMReturnToFirstScreen1" default="false"/>
			<integer id="VWMMaximizeThreshold1" default="10"/>
			<bool id="VWMSnapWindowOnDrag1" default="false"/>
			<bool id="VWMFocusLast1" default="false"/>
			
			<!-- Miniview Behaviour -->
			<bool id="VWMNoShow1" default="false"/>
			<bool id="VWMAutohide1" default="false"/>
			<integer id="VWMAutohideDistance1" default="3"/>
			<integer id="VWMSnapWidth1" default="3"/>
			<bool id="VWMAlwaysOnTop1" default="false"/>
			
			<!-- Restoring Windows -->
			<coordinate id="VWMRestoreX1" default="10"/>
			<coordinate id="VWMRestoreY1" default="10"/>
			<integer id="VWMRestoreWidth1" default="-400"/>
			<integer id="VWMRestoreHeight1" default="-300"/>
			
			<!-- Exclusions -->
			<string id="VWMSticky1" default="none"/>
			<string id="VWMStartWindowsOnDesktop1" default="none"/>
			<integer id="VWMStartWindowsOnDesktop2" default="none"/>
			<string id="VWMFix1" default="none"/>
		</data>
		<config>
			<!-- @@@@@@@@@@@@@@@@@@  config : Virtual Desktops @@@@@@@@@@@@@@@@ -->
			<group section="desktops">
				<single name="VWMUseInitialDesk">
					<bool data="VWMUseInitialDesk1"/>
					<description>
						<p>Allows usage of <xref>VWMInitialDesk</xref></p>
					</description>
				</single>
				<single name="VWMInitialDesk">
					<integer data="VWMInitialDesk1"/>
					<description>
						<p>Set the specified desktop as an active on startup.</p>
					</description>
				</single>
				<single name="VWMDesksX">
					<integer data="VWMDesksX1"/>
					<description>
						<p>Number of desktops you want to have on the X axis</p>
					</description>
				</single>
				<single name="VWMDesksY">
					<integer data="VWMDesksY1"/>
					<description>
						<p>Number of desktops you want to have on the Y axis</p>
					</description>
				</single>
			</group>
			<!-- @@@@@@@@@@@@@@@@@@  config : Mouse Functions @@@@@@@@@@@@@@@@ -->
			<group section="mouse">
				<single name="VWMMouseRight">
					<integer data="VWMMouseRight1"/>
					<description>
						<p>Allows you to define which functions your right mouse button do.</p>
					</description>
				</single>
				<single name="VWMMouseLeft">
					<integer data="VWMMouseLeft1"/>
					<description>
						<p>Allows you to define which functions your left mouse button do.</p>
					</description>
				</single>
				<single name="VWMMouseMiddle">
					<integer data="VWMMouseMiddle1"/>
					<description>
						<p>Allows you to define which functions your middle mouse button do.</p>
					</description>
				</single>
			</group>
			<!-- @@@@@@@@@@@@@@@@@@  config : Miniview Appearance @@@@@@@@@@@@@@@@ -->
			<group section="miniview">
				<single name="VWMx">
					<coordinate data="VWMx1"/>
					<description>
						<p>Horizontal coordinate of the ckVWM miniview window</p>
					</description>
				</single>			
				<single name="VWMy">
					<coordinate data="VWMy1"/>
					<description>
						<p>Vertical coordinate of the ckVWM miniview window</p>
					</description>
				</single>			
				<single name="VWMWidth">
					<integer data="VWMWidth1"/>
					<description>
						<p>Width of the ckVWM miniview window</p>
					</description>
				</single>			
				<single name="VWMHeight">
					<integer data="VWMHeight1"/>
					<description>
						<p>Height of the ckVWM miniview window</p>
					</description>
				</single>			
				<single name="VWMTitlebars">
					<bool data="VWMTitlebars1"/>
					<description>
						<p>Show titlebars in the miniview.</p>
					</description>
				</single>
				<single name="VWMTitlebarMod">
					<integer data="VWMTitlebarMod1"/>
					<description>
						<p>
							How much space of the miniwindow will be allocated for titlebar.
							This value shows a ratio of titlebar size and the whole miniwindow height.
							For example, a value "2" means that a half of the miniwindow will be filled with a title.
						</p>
					</description>
				</single>
				<single name="VWMShowIcons">
					<bool data="VWMShowIcons1"/>
					<description>
						<p>
							If this option is enabled, the icon associated with the task that the each miniwindow
							represents will be painted on miniwindow.
						</p>
					</description>
				</single>
				<single name="VWMIconSize">
					<integer data="VWMIconSize1"/>
					<description>
						<p>Specifies the size that you prefer each icon to be drawn at.</p>
					</description>
				</single>
				<single name="VWMBevel">
					<bool data="VWMBevel1"/>
					<description>
						<p>
							Enables the bevel on windows in the miniview.
							The bevel highlight will use the color specified in <xref>VWMForeColor</xref>,
							and the shadow will use <xref>VWMBorderColor</xref>.
							The windows will then be filled with the color specified in <xref>VWMWinColor</xref>.
						</p>
					</description>
				</single>
				<single name="VWMForeColor">
					<color data="VWMForeColor1"/>
					<description>
						<p>
							Sets the color of the mini-windows that represent the open windows.
						</p>
					</description>
				</single>
				<single name="VWMBackColor">
					<color data="VWMBackColor1"/>
					<description>
						<p>The color of the VWM miniview background.</p>
					</description>
				</single>
				<single name="VWMSelBackColor">
					<color data="VWMSelBackColor1"/>
					<description>
						<p>Shading color of the selected desktop.</p>
					</description>
				</single>
				<single name="VWMBorderColor">
					<color data="VWMBorderColor1"/>
					<description>
						<p>
							Color of the mini-windows border.
							Dividing lines between mini-desktops are painted using this color too.
						</p>
					</description>
				</single>
				<single name="VWMWinColor">
					<color data="VWMWinColor1"/>
					<description>
						<p>Sets the color of the background of the windows when <xref>VWMBevel</xref> is specified.</p>
					</description>
				</single>
				<single name="VWMBackBmp">
					<image data="VWMBackBmp1"/>
					<description>
						<p>If specified, this bitmap will be used instead of the <xref>VWMBackColor</xref></p>
						<p>
							Set <code>.snapshot</code> value to use a desktop snapshot as a bitmap
							(so called fake tranparancy).
						</p>
					</description>
				</single>
				<single name="VWMSelBackBmp">
					<image data="VWMSelBackBmp1"/>
					<description>
						<p>If specified, this bitmap will be used instead of the <xref>VWMSelBackColor</xref></p>
					</description>
				</single>
				<single name="VWMTitleBarBmp">
					<image data="VWMTitleBarBmp1"/>
					<description>
						<p>
							If specified, this bitmap will be used to paint titlebars. By default ckVWM uses
							<xref>VWMBorderColor</xref> for this purpose.
						</p>
					</description>
				</single>
				<single name="VWMWinBmp">
					<image data="VWMWinBmp1"/>
					<description>
						<p>
							A bitmap representing mini-windows. If not specified, <xref>VWMForeColor</xref>
							will be used instead.
						</p>
					</description>
				</single>
				<single name="VWMNoBorder">
					<bool data="VWMNoBorder1"/>
					<description>
						<p>Don't show a border if bitmap not specified</p>
					</description>
				</single>
				<single name="VWMNoWindows">
					<bool data="VWMNoWindows1"/>
					<description>
						<p>Don't show mini-windows on the miniview display</p>
					</description>
				</single>
				<single name="VWMWindowsHints">
					<bool data="VWMWindowsHints1"/>
					<description>
						<p>
							Enable tooltips for mini-windows. Tooltip shows the name of a task which owns the window,
							so it can be unavailable if <xref>VWMHideTaskOnSwitch</xref> flag is set.
						</p>
					</description>
				</single>
			</group>
			<!-- @@@@@@@@@@@@@@@@@@  config : Desktop Switching @@@@@@@@@@@@@@@@ -->
			<group section="switching">
				<single name="VWMNoSwitchOnFocus">
					<bool data="VWMNoSwitchOnFocus1"/>
					<description>
						<p>
							Prevents automatic virtual desktop switching when the system focus changes
							to a window that is outside the current desktop.
						</p>
					</description>
				</single>
				<single name="VWMFocusCenter">
					<bool data="VWMFocusCenter1"/>
					<description>
						<p>
							Sets your system focus to whatever window is in the center of the screen
							when you switch desktops.
						</p>
					</description>
				</single>
				<single name="VWMNoGathering">
					<bool data="VWMNoGathering1"/>
					<description>
						<p>
							Prevents automatic "gathering" of all windows to the first virtual desktop
							upon a recycle of litestep.
						</p>
					</description>
				</single>
				<single name="VWMAutoSwitch">
					<bool data="VWMAutoSwitch1"/>
					<description>
						<p>
							This feature will allow ckVWM to automatically switch desktops when your
							mouse cursor reaches the edge of the screen. For example, if you move
							your mouse to the right edge of your screen, then ckVWM will switch to the
							next desktop to the right.
						</p>
					</description>
				</single>
				<single name="VWMAutoSwitchDistance">
					<integer data="VWMAutoSwitchDistance1"/>
					<description>
						<p>
							This value determines how far from the edges of the screen your cursor needs
							to be before <xref>VWMAutoSwitch</xref> kicks in and changes your desktop.
						</p>
					</description>
				</single>
				<single name="VWMAutoSwitchDelay">
					<integer data="VWMAutoSwitchDelay1"/>
					<description>
						<p>
							When <xref>VWMAutoSwitch</xref> is enabled, this value determines the
							approximate number of milliseconds to wait before switching vwm's when
							the mouse reaches the edge of the screen.
						</p>
					</description>
				</single>
				<single name="VWMDisableVerticalAutoSwitch">
					<bool data="VWMDisableVerticalAutoSwitch1"/>
					<description>
						<p>
							This option is handy when your have a single horizontal row of the virtual desktops; and
							VWMAutoSwitch and VWMWrapScreen settings are on. Guess why =)
						</p>
					</description>
				</single>
				<single name="VWMDisableHorizontalAutoSwitch">
					<bool data="VWMDisableHorizontalAutoSwitch1"/>
					<description>
						<p>
							This option is handy when your have a single vertical row of the virtual desktops; and
							VWMAutoSwitch and VWMWrapScreen settings are on. Do I need to explain why?
						</p>
					</description>
				</single>
				<single name="VWMHideTaskOnSwitch">
					<bool data="VWMHideTaskOnSwitch1"/>
					<description>
						<p>
							Hide windows that are not on the current desktop.
							By default ckVWM just moves such windows out of the screen,
							because hidden windows are unavailable via taskbar.
						</p>
						<p>
							By the way this option was an original purpose of ckVWM branch.
						</p>
					</description>
				</single>
				<single name="VWMWrapScreen">
					<bool data="VWMWrapScreen1"/>
					<description>
						<p>
							This will make the the vwm's like a circular loop which for instance when you move
							right when you are in the right most desktop, you will switch to the left most desktop.
							If you move right at the bottom right desktop, you'll move to the left top desktop.
						</p>
					</description>
				</single>
				<single name="VWMReturnToFirstScreen">
					<bool default="VWMReturnToFirstScreen1"/>
					<description>
						<p>
							This is for people whose Litestep doesn't support data storing, such as old PureLS versions.
							When the flag is set, you will be forced to return to the first desktop when recycling,
							so you won't lose some windows.
						</p>
					</description>
				</single>
				<single name="VWMMaximizeThreshold">
					<integer data="VWMMaximizeThreshold1"/>
					<description>
						<p>
							The number is between 0 and 100. It will effect how ckVWM consider whether a window
							is inside the desktop or outside. It basically a percentage where the greater the number is
							the better chance the ckVWM will do the right thing. I recommend you not to play with this
							setting unless you know what you are doing
						</p>
					</description>
				</single>
				<single name="VWMSnapWindowOnDrag">
					<bool data="VWMSnapWindowOnDrag1"/>
					<description>
						<p>This setting will allow you to retain a window's relative position to its desktop while dragging.</p>
					</description>
				</single>
				<single name="VWMFocusLast">
					<bool data="VWMFocusLast1"/>
					<description>
						<p>
							This setting allows the vwm to remember your last window that was active when you left that
							desktop. So the correct active window will be re-activated when you move back to the desktop
						</p>
					</description>
				</single>
			</group>
			<!-- @@@@@@@@@@@@@@@@@@  config : Miniview Behaviour @@@@@@@@@@@@@@@@ -->
			<group section="behaviour">
				<single name="VWMNoShow">
					<bool data="VWMNoShow1"/>
					<description>
						<p>
							If this option is used, the miniview window will be hidden on startup.
							Use <xref>!VWMRollup</xref> bang to display it.
						</p>
					</description>
				</single>
				<single name="VWMAutohide">
					<bool data="VWMAutohide1"/>
					<description>
						<p>
							Enables autohide features. Autohide will work only when the miniview is docked
							near the one of the sides of the screen. If you drag miniview away from the side
							it is docked on, autohide will be turned off until it will be returned to the side
							of the screen again.
						</p>
					</description>
				</single>
				<single name="VWMAutohideDistance">
					<integer data="VWMAutohideDistance1"/>
					<description>
						<p>
							When autohide feature is on, this value is used to determine how close to the edge
							of the screen you must be to show the miniview.
						</p>
					</description>
				</single>
				<single name="VWMSnapWidth">
					<integer data="VWMSnapWidth1"/>
					<description>
						<p>
							When dragging the miniview window around, it will snap to the edge of the screen
							when it comes within the number of pixels specified in this parameter.
						</p>
					</description>
				</single>
				<single name="VWMAlwaysOnTop">
					<bool data="VWMAlwaysOnTop1"/>
					<description>
						<p>
							Keeps the VWM window above all windows.
							If this is not specified, ckVWM will be below each other window.
						</p>
					</description>
				</single>
			</group>
			<!-- @@@@@@@@@@@@@@@@@@  config : Restoring Windows @@@@@@@@@@@@@@@@ -->
			<group section="restore">
				<single name="VWMRestoreX">
					<coordinate data="VWMRestoreX1"/>
					<description>
						<p>New horizontal position of the restored window</p>
					</description>
				</single>
				<single name="VWMRestoreY">
					<coordinate data="VWMRestoreY1"/>
					<description>
						<p>New vertical position of the restored window</p>
					</description>
				</single>
				<single name="VWMRestoreWidth">
					<integer data="VWMRestoreWidth1"/>
					<description>
						<p>New width of the restored window</p>
						<p>Negative value means that neigher window width nor height will be changed during restoration</p>
					</description>
				</single>
				<single name="VWMRestoreHeight">
					<integer data="VWMRestoreHeight1"/>
					<description>
						<p>New height of the restored window</p>
						<p>Negative value means that neigher window height nor width will be changed during restoration</p>
					</description>
				</single>
			</group>
			<!-- @@@@@@@@@@@@@@@@@@  config : Exclusions @@@@@@@@@@@@@@@@ -->
			<group section="lists">
				<multiple name="VWMSticky">
					<string data="VWMSticky1"/>
					<description>
						<p>These windows will be visible on each current virtual desktop</p>
					</description>
				</multiple>
				<multiple name="VWMStartWindowsOnDesktop">
					<string data="VWMStartWindowsOnDesktop1"/>
					<integer data="VWMStartWindowsOnDesktop2"/>
					<description>
						<p>
							These windows will be automatically moved to the specified virtual desktop (2nd parameter).
						</p>
						<p>
							For example, you can arrange your applications by purpose. Just define some
							*VWMStartWindowsOnDesktop lines to start multimedia applications on
							the second desktop, office apps - on the third, internet apps - on the forth, all others - on the first.
						</p>
					</description>
				</multiple>
				<multiple name="VWMFix">
					<string data="VWMFix1"/>
					<description>
						<p>
							Your Photoshop toolwindow don't want to follow the main window when dragging it between
							desktops? It's because the clever Adobe's programmers decide the toolwindow don't need a
							parent window. To register a window as a potential parent, use this option.
						</p>
						<p>
							To fix the Photoshop problem, add the following line to the Step.rc:
						</p>
							<example>*VWMFix Photoshop</example>
						<p>
							The same trick can be used for any another software, such as Adobe Illustrator, etc.
						</p>
					</description>
				</multiple>
			</group>
		</config>
		<control>
			<!-- @@@@@@@@@@@@@@@@@@  bangs  @@@@@@@@@@@@@@@@ -->
			<group section="control">
				<bang name="VWMLsBoxHook">
					<description>
						<p>
							It's a bang which can be used in *ModuleHook lines of the LsBox and similar modules.
							See corresponding modules' documentation for details.
						</p>
						<p>Don't call this bang manually!</p>
					</description>
				</bang>
				<bang name="VWMLeft">
					<description>
						<p>Switch active virtual desktop to the left one.</p>
					</description>
				</bang>
				<bang name="VWMRight">
					<description>
						<p>Switch active virtual desktop to the right one.</p>
					</description>
				</bang>
				<bang name="VWMUp">
					<description>
						<p>Switch active virtual desktop to the upper one.</p>
					</description>
				</bang>
				<bang name="VWMDown">
					<description>
						<p>Switch active virtual desktop to the lower one.</p>
					</description>
				</bang>
				<bang name="VWMDesk">
					<integer/>
					<description>
						<p>Switch active desktop to the specified.</p>
					</description>
				</bang>
				<bang name="VWMRollup">
					<description>
						<p>
							You can hide ckVWM miniview by using the bang command !VWMRollup.
							This command will hide and show the display, acting as a toggle.
						</p>
					</description>
				</bang>
				<bang name="VWMGather">
					<description>
						<p>
							Brings all open windows to your current desktop.
							This command functions independently of VWMNoGathering.
						</p>
					</description>
				</bang>
				<bang name="VWMOpen">
					<integer/>
					<file/>
					<string name="parameters"/>
					<description>
						<p>
							Opens the file or application  the given parameters within
							the virtual desktop specified in desk. For example, the command
						</p>
						<example>!VWMOpen 0 notepad c:\boot.ini</example>
						<p>will open boot.ini in the notepad on the top left virtual desktop.</p>
					</description>
				</bang>
				<bang name="VWMMoveApp">
					<string/>
					<description>
						<p>
							This command will move the active window one virtual desktop over
							in the direction you specified in the argument.
							Valid directions are Up, Down, Left, and Right.
						</p>
						<p>
							If you have used a numeric value instead of a direction, it will be interpreted as
							a target desktop number to move the window to.
						</p>
					</description>
				</bang>
				<bang name="VWMToggleHideTaskOnSwitch">
					<description>
						<p>
							This bang command will toggle your vwm to whether hide tasks that
							are not in the current desktops or display all of them in taskbar.
						</p>
					</description>
				</bang>
				<bang name="VWMToggleWrapScreen">
					<description>
						<p>This bang command will toggle <xref>VWMWrapScreen</xref> option</p>
					</description>
				</bang>
				<bang name="VWMRestoreWindow">
					<string/>
					<description>
						<p>
							This command will help you retrieve hidden window that's lost in your desktop.
							Window's title or classname should match the pattern specified in the argument.
						</p>
					</description>
				</bang>
				<bang name="VWMRestoreAllWindows">
					<string/>
					<string/>
					<description>
						<p>
							This will restore all windows whose title or classname matches the pattern specified
							by the first argument. The method so far can be either, overlap or cascade, in which
							overlap is the default if nothing is specified.
						</p>
						<p>
							To learn how the windows are restored please read the
							<xref>Window Restoration</xref> section.
						</p>
					</description>
				</bang>
				<bang name="VWMToggleOnTop">
					<bool/>
					<description>
						<p>
							This bang is used for toggling always on top setting of the vwm miniview window.
							If no parameter is specified, it would act as normal toggling.
						</p>
					</description>
				</bang>
				<bang name="VWMEnableAutoSwitch">
					<description>
						<p>
							A bang used to enable AutoSwitch feature
							(refer <xref>VWMAutoSwitch</xref> description for details)
						</p>
					</description>
				</bang>
				<bang name="VWMDisableAutoSwitch">
					<description>
						<p>
							A bang used to disable AutoSwitch feature
							(refer <xref>VWMAutoSwitch</xref> description for details)
						</p>
					</description>
				</bang>
				<bang name="VWMToggleAutoSwitch">
					<description>
						<p>
							A bang used to toggle AutoSwitch feature state
							(refer <xref>VWMAutoSwitch</xref> description for details)
						</p>
					</description>
				</bang>
			</group>
		</control>
		<history>
			<revision version="1.42" by="Seg@" date="2004-10-26">
				<added><xref>!VWMLsBoxHook</xref> implemented as a wharf mode hack</added>
				<fixed>Drag-n-Drop now works properly when VWM window is docked on wharf</fixed>
				<added>
					<xref>VWMx</xref> and <xref>VWMy</xref> are interpreted as coordinates,
					so they can be defined as percents of the screen width/height and calculated from the
					center of the screen (see LiteStep core documentation for details).
				</added>
				<added>Documentation converted to the LSMD 0.3p format. Previous text file is still available.</added>
			</revision>
		</history>
	</module>
	<history>
		<revision version="1.0.0">
			<note>First version as lsmd.</note>
		</revision>
	</history>
</lsmd>
