<?xml version="1.0" encoding="UTF-8"?>
<?xml-stylesheet type="text/xsl" href="ruDocs-en.xsl"?>
<lsmd spec="0.3p" version="1.0.4">
	<author>Seg@</author>
	<copyright year="2004-2006">Seg@, Andymon.  Distributed under the GNU GPL2 license.</copyright>
	<module version="1.0.4" basename="Clickonic" category="desktop" load-free="true" load-wharf="false">
		<author name="Sergey Gagarin" email="inform-sega_AT_freemail.ru" web="http://www.litestep.bip.ru" icq="162261148">Seg@</author>
		<author name="Andymon" email="andymon_AT_ls-universe.info" web="http://www.ls-universe.info">Andymon</author>
		<documentation>
			<description>
				<p>
					Clickonic.dll is a LiteStep Desktop module, that provides the ability to view folders on the desktop.
					Unlike the IconDesk, it is less customizable, but it completely supports drag-and-drop operations,
					so you can place your icons like YOU want...
				</p>
			</description>
			<section id="install" name="Installation">
				<description>
					<p>
						Put Clickonic.dll in any directory you like, for example <code>C:\LiteStep\</code>,
						then add this line to step.rc
					</p>
					<example>LoadModule "C:\LiteStep\Clickonic-1.0.4.dll"</example>
					<p>
						In the case you're using OTS2 compatible distro such as Omar's LiteStep Installer,
						AngelKnight's EZ2Install or Joshhh's Dist.ru, you should use the *NetLoadModule pseudo-operator:
					</p>
					<example>*NetLoadModule Clickonic-1.0.4</example>
				</description>
			</section>
			<section id="usage" name="Usage">
				<description>
					<p>
						Clickonic.dll can handle multiple icon groups, so first of all you need to instruct
						the module about groups' names. They will be used to configure and control the groups.
					</p>
					<!-- Actually there should be a <multiple> option here, but it is ugly looking =( -->
					<p>
						New group should be defined in the next manner:
					</p>
					<example>
*Clickonic [name]</example>
					<p>
						and the group options have the following form:
					</p>
					<example>
[name][option] [value]</example>
					<p>
						Example:
					</p>
					<example>
*Clickonic DeskIcons
DeskIconsFolder ".desktop"</example>
				</description>
			</section>			
			<section id="sample" name="Sample Configuration">
				<description>
					<example>
;===============================================
;  Desktop icons (Clickonic.dll v1.0.4)
;-----------------------------------------------

DeskIconsFolder ".desktop"

DeskIconsX 50
DeskIconsY 50

DeskIconsWidth  300
DeskIconsHeight 300

DeskIconsSpacingX 64
DeskIconsSpacingY 64

DeskIconsStartHidden false
DeskIconsNoScroll true

DeskIconsFont Tahoma
DeskIconsFontSize 12
DeskIconsFontItalic false
DeskIconsFontBold true
DeskIconsFontColor FFFFFF
DeskIconsExplorerDesktop false

DeskIconsBackground "D:\Work\Media\Birthday.jpg"
DeskIconsTiled false
DeskIconsOffsetPercentX 50	; center it
DeskIconsOffsetPercentX 50  ; on the screen
DeskIconsBackgroundColor AAEEAA
					</example>
				</description>
			</section>
			<section id="settings" name="Settings">
				<description>
					<p>
						Note please, that each option begins from the group name, specified in the <strong>*Clickonic</strong> line.
					</p>
				</description>
			</section>
			<section id="control" name="Bang commands">
				<description>
					<p>
						Note, please, that the first parameter of each !bang command is a group name
						written in the <strong>*Clickonic</strong> line!
						If you forget to specify it, an error message will pop up.
					</p>
				</description>
			</section>
		</documentation>
		<!-- @@@@@@@@@@@@@@@@@@  deafults @@@@@@@@@@@@@@@@ -->
		<data>
			<coordinate id="X1" default="0"/>
			<coordinate id="Y1" default="0"/>
			
			<integer id="Width1"  default="$ResolutionX$"/>
			<integer id="Height1" default="$ResolutionY$"/>

			<integer id="SpacingX1" default="-1"/>
			<integer id="SpacingY1" default="-1"/>

			<string id="Background1" default="none"/>
			<color id="BackgroundColor1" default="FFFFFF"/>
			<bool id="Tiled1" default="false"/>
			<integer id="OffsetPercentX1" default="0"/>
			<integer id="OffsetPercentY1" default="0"/>

			<bool id="StartHidden1" default="false"/>
			<bool id="NoScroll1" default="false"/>

			<font id="Font1" default="Arial"/>
			<integer id="FontSize1" default="14"/>
			<bool id="FontItalic1" default="false"/>
			<bool id="FontBold1" default="false"/>
			<color id="FontColor1" default="FFFFFF"/>
			<color id="FontBackgroundColor1" default="FFFFFF"/>
			
			<bool id="ExplorerDesktop1" default="false"/>
			
		</data>
		<!-- @@@@@@@@@@@@@@@@@@  config @@@@@@@@@@@@@@@@ -->
		<config>
			<group section="settings">
				<single name="(group)Folder">
					<string data="Folder1"/>
					<description>
						<p>A folder to display. Use ".desktop" to show full desktop content or $Desktop$ to show only icons</p>
					</description>
				</single>
				<single name="(group)X">
					<coordinate data="X1"/>
					<description>
						<p>Horizontal coordinate of the top left corner of the group</p>
					</description>
				</single>
				<single name="(group)Y">
					<coordinate data="Y1"/>
					<description>
						<p>Vertical coordinate of the top left corner of the group</p>
					</description>
				</single>
				<single name="(group)Width">
					<integer data="Width1"/>
					<description>
						<p>Initial width of the icon group.</p>
					</description>
				</single>
				<single name="(group)Height">
					<integer data="Height1"/>
					<description>
						<p>Initial height of the icon group.</p>
					</description>
				</single>
				<single name="(group)SpacingX">
					<integer data="SpacingX1"/>
					<description>
						<p>
							Horizontal distance between neighbour icons. Include the icon size here too!
							If both <strong>(group)SpacingX</strong> and <xref>(group)SpacingY</xref> are set to -1,
							the default system options will be used.
						</p>
					</description>
				</single>
				<single name="(group)SpacingY">
					<integer data="SpacingY1"/>
					<description>
						<p>
							Vertical distance between neighbour icons. Include the icon size here too!
							If both <xref>(group)SpacingX</xref> and <strong>(group)SpacingY</strong> are set to -1,
							the default system options will be used.
						</p>
					</description>
				</single>
				<single name="(group)Background">
					<string data="Background1"/>
					<description>
						<p>
							Background image for your icon group. Note, please, that it is a file name or URL! You may not
							use native LiteStep hacks like ".extract=", "image1|image2|image3", etc. Unfortunaly, it's an
							Explorer limitation that cannot be fixed...
						</p>
					</description>
				</single>
				<single name="(group)BackgroundColor">
					<color data="BackgroundColor1"/>
					<description>
						<p>Background color. Applied <strong>in addition</strong> to the background image.</p>
					</description>
				</single>
				<single name="(group)Tiled">
					<bool data="Tiled1"/>
					<description>
						<p>Set this flag if the background image should be tiled.</p>
					</description>
				</single>
				<single name="(group)OffsetPercentX">
					<integer data="OffsetPercentX1"/>
					<description>
						<p>
							Percentage of the group area that the image should be offset horizontally.
							For example, at 0 percent, the image will be displayed against the left edge of
							the group area. At 50 percent, the image will be displayed horizontally centered
							in the group area. At 100 percent, the image will be displayed against the right edge
							of the group area. This member is only valid when <xref>(group)Tiled</xref> flag not set.
						</p>
					</description>
				</single>
				<single name="(group)OffsetPercentY">
					<integer data="OffsetPercentY1"/>
					<description>
						<p>
							Percentage of the group area that the image should be offset vertically. See
							<xref>(group)OffsetPercentX</xref> for details.
						</p>
					</description>
				</single>
				<single name="(group)Font">
					<font data="Font1"/>
					<description>
						<p>Sets the name of the font used to display file names.</p>
					</description>
				</single>				
				<single name="(group)FontSize">
					<integer data="FontSize1"/>
					<description>
						<p>Sets the height of the font used to display the file names.</p>
					</description>
				</single>
				<single name="(group)FontItalic">
					<bool data="FontItalic1"/>
					<description>
						<p>If this command is present then the font will be italic.</p>
					</description>
				</single>
				<single name="(group)FontBold">
					<bool data="FontBold1"/>
					<description>
						<p>If this command is present then the font will be bold.</p>
					</description>
				</single>
				<single name="(group)FontColor">
					<color data="FontColor1"/>
					<description>
						<p>Sets the color of the font used to display the file names. Works only on Win2k or if <xref>(group)Background</xref> specified</p>
					</description>
				</single>
				<single name="(group)FontBackgroundColor">
					<color data="FontBackgroundColor1"/>
					<description>
						<p>Sets the color behind the icon labels. Works only on Win2k or if <xref>(group)Background</xref> specified</p>
					</description>
				</single>
				
				<single name="(group)StartHidden">
					<bool data="StartHidden1"/>
					<description>
						<p>Sets the initial visibility</p>
					</description>
				</single>
				<single name="(group)NoScroll">
					<bool data="NoScroll1"/>
					<description>
						<p>Don't show the scroll bars</p>
					</description>
				</single>
				<single name="(group)ExplorerDesktop">
					<bool data="ExplorerDesktop1"/>
					<description>
						<p>Use the Explorer Desktop Click behaviour. (not recommended!)</p>
					</description>
				</single>
			</group>
		</config>
		<!-- @@@@@@@@@@@@@@@@@@  bangs  @@@@@@@@@@@@@@@@ -->
		<control>
			<group section="control">
				<bang name="ClickonicShow">
					<string/>
					<description>
						<p>Show the group.</p>
					</description>
				</bang>
				<bang name="ClickonicHide">
					<string/>
					<description>
						<p>Hide the group.</p>
					</description>
				</bang>
				<bang name="ClickonicToggle">
					<string/>
					<description>
						<p>Toggle the group visibility state.</p>
					</description>
				</bang>
				<bang name="ClickonicToggleExplorerDesktop">
					<string/>
					<description>
						<p>Toggles the group Desktop Click behaviour between Explorer and LS Style.</p>
					</description>
				</bang>
				<bang name="ClickonicReset">
					<string/>
					<description>
						<p>Reset icons position data.</p>
					</description>
				</bang>
				<bang name="ClickonicSortByName">
					<string/>
					<description>
						<p>Sort icons by name.</p>
					</description>
				</bang>
				<bang name="ClickonicSortBySize">
					<string/>
					<description>
						<p>Sort icons by file size.</p>
					</description>
				</bang>
				<bang name="ClickonicSortByType">
					<string/>
					<description>
						<p>Sort icons by file type.</p>
					</description>
				</bang>
				<bang name="ClickonicSortByDate">
					<string/>
					<description>
						<p>Sort icons by file date.</p>
					</description>
				</bang>
				<bang name="ClickonicSortByDate">
					<string/>
					<description>
						<p>Sort icons by file date.</p>
					</description>
				</bang>
				<bang name="ClickonicSetBackground">
					<string/>
					<integer/>
					<integer/>
					<bool/>
					<description>
						<p>
							Change the background image. You <strong>cannot</strong> set background image if
							havn't already specified one in the <xref>(group)Background</xref>.
							First paremeter is analogue of <xref>(group)Background</xref>, the second parameter
							and the third one are new <xref>(group)OffsetPercentX</xref> and <xref>(group)OffsetPercentX</xref>
							values. Use the last parameter to set the background image tiled (or not tiled, as you wish, monsieur).
						</p>
					</description>
				</bang>
				<bang name="ClickonicSetBackgroundColor">
					<color/>
					<description>
						<p>Set background color.</p>
					</description>
				</bang>
				<bang name="ClickonicSetTextColor">
					<color/>
					<description>
						<p>Apply new font color.</p>
					</description>
				</bang>
				<bang name="ClickonicSetTextBkColor">
					<color/>
					<description>
						<p>Apply new background color for the icon labels.</p>
					</description>
				</bang>
			</group>
		</control>
		<history>
			<revision version="1.0.4" by="Seg@" date="2006-13-07">
				<fixed>Left mouse button click wasn't 'transparent' for desktop. Thanks to immortal who point this bug</fixed>
			</revision>
			<revision version="1.0.3" by="Seg@" date="2006-16-04">
				<added>
					Background stuff:
					<xref>(group)Background</xref>,
					<xref>(group)BackgroundColor</xref>,
					<xref>(group)Tiled</xref>,
					<xref>(group)OffsetPercentX</xref>,
					<xref>(group)OffsetPercentX</xref>,
					<xref>!ClickonicSetBackground</xref>,
					<xref>!ClickonicSetBackgroundColor</xref>
				</added>
				<added>
					<xref>!ClickonicSetTextColor</xref>, <xref>!ClickonicSetTextBkColor</xref>
				</added>
			</revision>
			<revision version="1.0.2" by="Andymon, Seg@" date="2006-08-04">
				<fixed>No more crash after logoff/reboot</fixed>
				<added><xref>(group)FontBackgroundColor</xref></added>
				<fixed>Error message for bangs contained the bang name instead of the icons group name</fixed>
				<added>
					<xref>!ClickonicReset</xref>,
					<xref>!ClickonicSortByName</xref>,
					<xref>!ClickonicSortBySize</xref>,
					<xref>!ClickonicSortByType</xref>,
					<xref>!ClickonicSortByDate</xref>
				</added>
				<added>Added Russian documentation</added>
			</revision>
			<revision version="1.0.1" by="Andymon" date="2006-04-04">
				<fixed>
					Fixed the suboptimal MouseClick behaviour ;) The normal Litestep Desktop Clicks were totally unavailable! Now it's a really great module ;)
				</fixed>
			</revision>
			<revision version="1.0" by="Seg@" date="2005-12-05">
				<note>
					That's a first public release. Actually the most part of the module has been coded in 3 days of December 2004,
					but I havn't enough time to finish the development till the yesterday =(
				</note>
			</revision>
		</history>
	</module>
	<history>
		<revision version="1.0.4">
			<note>Added 1.0.4 changes</note>
		</revision>
		<revision version="1.0.3">
			<note>Added 1.0.3 changes.</note>
		</revision>
		<revision version="1.0.2">
			<note>Added 1.0.1 and 1.0.2 changes.</note>
		</revision>
		<revision version="1.0.0">
			<note>First version as lsmd.</note>
		</revision>
	</history>
</lsmd>
