﻿<?xml version="1.0" encoding="UTF-8"?>
<?xml-stylesheet type="text/xsl" href="ruDocs-ru.xsl"?>
<lsmd spec="0.3p" version="1.0.0">
	<author>Seg@</author>
	<copyright year="2004-2006">Seg@, Brian. Распространяется под лицензей GNU GPL2.</copyright>
	<module version="1.0" basename="umSlider" category="audio" load-free="true" load-wharf="false">
		<author name="Сергей Гагарин" email="inform-sega_AT_freemail.ru" icq="162261148">Seg@</author>
		<author email="bcwolven_AT_hotmail.com">Brian Wolven</author>
		<documentation>
      <description>
				<p>
					Изначально umSlider.dll был копией модуля LSSlider от blkhawk, переписанного на Visual C++ для того, чтобы
					исправить ошибку с возрастающей нагрузкой на процессор в WinXP.
					Для тех, кто не знает, LSSlider позволяет управлять Winamp'ом или звуковой картой с помощью настраиваемых ползунков.
					Последняя версия umSlider поддерживает библиотеку xPaintClass от Andymon'а, в связи с чем потеряв
					совместимость с LSSlider и, тем самым, превратившись в отдельный модуль.
				</p>
			</description>
			<section id="install" name="Установка">
				<description>
					<p>
						Скопируйте из архива файл umSlider-1.0.dll в папку по Вашему выбору, например <code>C:\LiteStep\modules\</code>,
						а затем добавьте следующую строчку в step.rc
					</p>
					<example>LoadModule "C:\LiteStep\modules\umSlider-1.0.dll"</example>
					<p>
						Если вы пользуетесь OTS2-совместимым дистрибутивом, таким как LiteStep Installer от Omar'а,
						EZ2Install от AngelKnight или Dist.ru от Joshhh, следует использовать псевдооператор *NetLoadModule:
					</p>
					<example>*NetLoadModule umSlider-1.0</example>
				</description>
			</section>
			<section id="usage" name="Использование">
				<description>
					<p>
						umSlider может управлять несколькими ползунками, поэтому первым шагом вы должны определить имена этих ползунков.
						Ползунки будут настраиваться и управляться с помощью !команд именно по именам.
					</p>
					<p>
						Вот так добавляется новый ползунок:
					</p>
					<example>*umSlider [имя-ползунка]</example>
					<p>
						а настройки ползунков имеют вид:
					</p>
					<example>
[имя-ползунка][параметр] [значение-параметра]</example>
					<p>
						Например:
					</p>
					<example>
*umSlider Track
TrackX 100</example>
				</description>
			</section>			
			<section id="sample" name="Пример настройки">
				<description>
					<p>Примеры файлов лежат в папке 'Sample Config' архива модуля</p>
					<example>
*NetLoadModule 			umSlider-1.0

*umSlider Track
TrackMode				ampvolume
TrackX				100
TrackY				200
TrackWidth			100
TrackHeight			10
TrackVisible			true
TrackAlwaysOnTop			false
TrackHandleOffset			0
TrackInverted			true
TrackDirection			horizontal
TrackTip				"Amp"
TrackPaintingMode			.image
TrackTrueTransparency		false
TrackAlphaTransparency		0
TrackImage			slider_amp_pos.png
TrackImageMode			stretch
TrackHandlePaintingMode		.image
TrackHandleTrueTransparency	false
TrackHandleImage			slider.png
TrackHandleImageMode		stretch
TrackHandleWidth			5
TrackHandleHeight			10</example>
				</description>
			</section>
			<section id="settings" name="Настройка">
				<description>
					<p>Обратите внимание, что параметры начинаются с имени ползунка, указанном в строчке <strong>*umSlider</strong></p>
				</description>
			</section>
			<section id="sliderbangs" name="Управление ползунками">
				<description>
					<p>
						Обратите внимание, что первый параметр каждой указанной ниже !команды - это имя полузнка.
						Пример:
					</p>
					<example>
!SliderShow MySlider</example>
				</description>
			</section>
			<section id="vcontrol" name="Управление звуковой картой">
				<description>
					<p>
						Указанные ниже !команды используются для управления звуком (честно скоммунизжены из V_Bang.dll).
						Первый параметр каждой !команды - номер звукового канала (0 - обычно общий канал).
					</p>
				</description>
			</section>
		</documentation>
		<!-- @@@@@@@@@@@@@@@@@@  deafults @@@@@@@@@@@@@@@@ -->
		<data>
			<string id="Tip" default="нет"/>
			<coordinate id="X" default="0"/>
			<coordinate id="Y" default="0"/>
			<integer id="offset" default="0"/>
			<bool id="Visible" default="true"/>
			<bool id="AlwaysOnTop" default ="false"/>
			<bool id="Inverted" default="false"/>
			<integer id="Channel" default="0"/>
			<integer id="VolumeStep" default="1"/>
			<integer id="BalanceStep" default="1"/>
		</data>
		<!-- @@@@@@@@@@@@@@@@@@  config @@@@@@@@@@@@@@@@ -->
		<config>
			<group section="settings">
				<single name="(имя-ползунка)Tip">
					<string data="Tip"/>
					<description>
						<p>Всплывающая подсказка.</p>
					</description>
				</single>
				<single name="(имя-ползунка)X">
					<coordinate data="X"/>
					<description>
						<p>
							Горизонтальная координата левого верхнего угла ползунка.
							Отрицательное значение отсчитывается от правого края экрана.
							Если после числа стоит значок 'c' (centred) - отсчет идет от центра экрана.
						</p>
					</description>
				</single>
				<single name="(имя-ползунка)Y">
					<coordinate data="Y"/>
					<description>
						<p>
							Вертикальная координата левого верхнего угла ползунка.
							Отрицательное значение отсчитывается от нижнего края экрана.
							Если после числа стоит значок 'c' (centred) - отсчет идет от центра экрана.
						</p>
					</description>
				</single>
				<single name="(имя-ползунка)Width">
					<integer/>
					<description>
						<p>Ширина ползунка.</p>
					</description>
				</single>
				<single name="(имя-ползунка)Height">
					<integer/>
					<description>
						<p>Высота ползунка.</p>
					</description>
				</single>
				<single name="(имя-ползунка)HandleWidth">
					<integer/>
					<description>
						<p>Ширина бегунка (ручки).</p>
					</description>
				</single>
				<single name="(имя-ползунка)HandleHeight">
					<integer/>
					<description>
						<p>Высота бегунка (ручки).</p>
					</description>
				</single>
				<single name="(имя-ползунка)Offset">
					<integer data="Offset"/>
					<description>
						<p>Смещение бегунка (ручки) от края ползунка.</p>
					</description>
				</single>
				<single name="(имя-ползунка)Texture">
					<texture/>
					<description>
						<p>
							Текстура, рисуемая в качестве подложки. Порядок настройки текстуры описан в <strong>xPaintClass Wiki</strong>.
							Префикс (prefix) текстуры - <strong>(имя-ползунка)</strong>
						</p>
					</description>
				</single>
				<single name="(имя-ползунка)HandleTexture">
					<texture/>
					<description>
						<p>
							Текстура бегунка (ручки). Порядок настройки текстуры описан в <strong>xPaintClass Wiki</strong>.
							Префикс (prefix) текстуры - <strong>(имя-ползунка)Handle</strong>
						</p>
					</description>
				</single>
				<single name="(имя-ползунка)Direction">
					<string/>
					<description>
						<p>Направление движения бегунка: 'vertical' или 'horizontal'.</p>
					</description>
				</single>
				<single name="(имя-ползунка)AlwaysOnTop">
					<bool data="AlwaysOnTop"/>
					<description>
						<p>Установить ползунок поверх всех других окон</p>
					</description>
				</single>
				<single name="(имя-ползунка)Inverted">
					<bool data="Inverted"/>
					<description>
						<p>Развернуть направление движения бегунка право&lt;-&gt;лево или верх&lt;-&gt;вниз</p>
					</description>
				</single>
				<single name="(имя-ползунка)Visible">
					<bool data="Visible"/>
					<description>
						<p>Видимость ползунка</p>
					</description>
				</single>
				<single name="(имя-ползунка)Mode">
					<string/>
					<description>
						<p>
							Режим ползунка: 'volume' - громкость, 'balance' - баланс, 'track' - дорожка, и 'ampvolume' - громкость WinAMP'а.
						</p>
					</description>
				</single>
				<single name="(имя-ползунка)Channel">
					<integer data="Channel"/>
					<description>
						<p>Число от 0 (обычно - общая громкость) до числа каналов, поддерживаемых Вашей звуковой картой.</p>
					</description>
				</single>
			</group>
			<group section="vcontrol">
				<single name="umSliderVolumeStep">
					<integer data="VolumeStep"/>
					<description>
						<p>Знание по умолчанию для !команд управления громкостью <xref>!umSliderVolumeUp</xref> и <xref>!umSliderVolumeDown</xref></p>
					</description>
				</single>
				<single name="umSliderBalanceStep">
					<integer data="BalanceStep"/>
					<description>
						<p>Значение по умолчанию для !команд управления балансом <xref>!umSliderBalanceLeft</xref> и <xref>!umSliderBalanceRight</xref></p>
					</description>
				</single>
			</group>
		</config>
		<!-- @@@@@@@@@@@@@@@@@@  bangs  @@@@@@@@@@@@@@@@ -->
		<control>
			<group section="sliderbangs">
				<bang name="umSliderHook">
					<string/>
					<description>
						<p>
							!Команда, использующаяся в строке *ModuleHook модуля LsBox и подобных ему.
							Параметр - это название ползунка.
							Как пользоваться !командой читайте в документации соответствующих модулей, вызывать самому ее бессмысленно.
						</p>
					</description>
				</bang>
				<bang name="umSliderShow">
					<string/>
					<description>
						<p>Показать ползунок.</p>
					</description>
				</bang>
				<bang name="umSliderHideGroup">
					<string/>
					<description>
						<p>Скрыть ползунок.</p>
					</description>
				</bang>
				<bang name="umSliderToggle">
					<string/>
					<description>
						<p>Если ползунок скрыт - показать, если показан - скрыть.</p>
					</description>
				</bang>
				<bang name="umSliderMove">
					<string/>
					<coordinate/>
					<coordinate/>
					<description>
						<p>Переместить ползунок в указанную точку.</p>
					</description>
				</bang>
				<bang name="umSliderMoveBy">
					<string/>
					<integer/>
					<integer/>
					<description>
						<p>Сдвинуть ползунок на указанное число пикселей по горизонтали и по вертикали.</p>
					</description>
				</bang>
				<bang name="umSliderResize">
					<string/>
					<integer/>
					<integer/>
					<description>
						<p>Новые размеры ползунка (ширина и высота).</p>
					</description>
				</bang>
				<bang name="umSliderResizeBy">
					<string/>
					<integer/>
					<integer/>
					<description>
						<p>Изменить ширину и высоту ползунка на указанное число пикселей.</p>
					</description>
				</bang>
				<bang name="umSliderReposition">
					<string/>
					<coordinate/>
					<coordinate/>
					<integer/>
					<integer/>
					<description>
						<p>Новое положение ползунка (X и Y) и новые размеры (ширина и высота)</p>
					</description>
				</bang>
				<bang name="umSliderRepositionBy">
					<string/>
					<integer/>
					<integer/>
					<integer/>
					<integer/>
					<description>
						<p>Изменить положение ползунка и его размеры на указанное число пикселей</p>
					</description>
				</bang>
			</group>
			<group section="vcontrol">
				<bang name="umSliderVolumeUp">
					<integer/>
					<integer/>
					<description>
						<p>
							Увеличить громкость канала (первый параметр) на указанный процент (второй параметр).
							Если второй параметр пропущен, используется значение <xref>umSliderVolumeStep</xref>.
						</p>
					</description>
				</bang>
				<bang name="umSliderVolumeDown">
					<integer/>
					<integer/>
					<description>
						<p>
							Уменьшить громкость канала (первый параметр) на указанный процент (второй параметр).
							Если второй параметр пропущен, используется значение <xref>umSliderVolumeStep</xref>.
						</p>
					</description>
				</bang>
				<bang name="umSliderMute">
					<integer/>
					<description>
						<p>Заглушить/включить канал.</p>
					</description>
				</bang>
				<bang name="umSliderBalanceLeft">
					<integer/>
					<integer/>
					<description>
						<p>
							Изменить баланс канала (первый параметр) на указанный процент (второй параметр).
							Если второй параметр пропущен, используется значение <xref>umSliderBalanceStep</xref>.
						</p>
					</description>
				</bang>
				<bang name="umSliderBalanceRight">
					<integer/>
					<integer/>
					<description>
						<p>
							Изменить баланс канала (первый параметр) на указанный процент (второй параметр).
							Если второй параметр пропущен, используется значение <xref>umSliderBalanceStep</xref>.
						</p>
					</description>
				</bang>
				<bang name="umSliderSetVolume">
					<integer/>
					<integer/>
					<description>
						<p>Установить значение громкости канала (первый параметр) в процентах от 0 до 100 (второй параметр)</p>
					</description>
				</bang>
				<bang name="umSliderSetBalance">
					<integer/>
					<integer/>
					<description>
						<p>Установить значение баланса канала (первый параметр) в процентах от -100 to 100 (второй параметр)</p>
					</description>
				</bang>
			</group>
		</control>
		<history>
			<revision version="1.0" by="Seg@" date="2006-12-25">
				<note>Обратите внимание, что umSlider нужны библиотеки VC++ 2005 RTL ( есть в .NET Framework 2.0
				или доступны отдельно для скачивания по адресу http://miranda.or.at/files/vcredist_x86.exe, околок 2,8 Мб )</note>
				<added>поддержка xPaintClass v1.0</added>
				<changed>Версия не является обратно совместимой, поэтому префикс настройки изменен на "umSlider"</changed>
				<added>
					<xref>!umSliderMove</xref>, <xref>!umSliderMoveBy</xref>,
					<xref>!umSliderResize</xref>, <xref>!umSliderResizeBy</xref>,
					<xref>!umSliderReposition</xref>, <xref>!umSliderRepositionBy</xref>
				</added>
				<added><xref>umSliderVolumeStep</xref>, <xref>umSliderBalanceStep</xref> и параметры шага для команд регулировки громкости и баланса</added>
			</revision>
			<revision version="0.3" by="Brian" date="2006-08-16">
				<note>
					<fixed>the muting code (was bustigated)</fixed>
					<changed>the volume stepsize from 10 to 1 (not an adjustable step setting yet).</changed>
				</note>
			</revision>
			<revision version="0.2" by="Seg@" date="2004-11-13">
				<note>
					I don't think there will be future releases, so it is a first and alone umSlider version.
				</note>
			</revision>
		</history>
	</module>
	<history>
		<revision version="1.1.0">
			<note>Первая русская версия.</note>
		</revision>
	</history>
</lsmd>
