<?xml version="1.0" encoding="UTF-8"?>
<?xml-stylesheet type="text/xsl" href="ruDocs-en.xsl"?>
<lsmd spec="0.3p" version="1.0.0">
	<author>Seg@</author>
	<copyright year="2004-2006">Seg@, Brian.  Distributed under the GNU GPL2 license.</copyright>
	<module version="1.0" basename="umSlider" category="audio" load-free="true" load-wharf="false">
		<author name="Sergey Gagarin" email="inform-sega_AT_freemail.ru" icq="162261148">Seg@</author>
		<author email="bcwolven_AT_hotmail.com">Brian Wolven</author>
		<documentation>
			<description>
				<p>
					Originally umSlider.dll was just a copy of blkhawk's LSSlider. It has been written only to avoid a CPU usage bug on WinXP.
					BTW if you don't know what LSSlider is; it controls Winamp or any given channel of your soundcard.
					With the last update umSlider got the support of Andymon's xPaintClass and lost LSSlider compatibility,
					so it means to be a separate module.
				</p>
			</description>
			<section id="install" name="Installation">
				<description>
					<p>
						Put umSlider-1.0.dll in any directory you like, for example <code>C:\LiteStep\modules\</code>,
						then add this line to step.rc
					</p>
					<example>LoadModule "C:\LiteStep\modules\umSlider-1.0.dll"</example>
					<p>
						In the case you're using OTS2 compatible distro such as Omar's LiteStep Installer,
						AngelKnight's EZ2Install or Joshhh's Dist.ru, you should use the *NetLoadModule pseudo-operator:
					</p>
					<example>*NetLoadModule umSlider-1.0</example>
				</description>
			</section>
			<section id="usage" name="Usage">
				<description>
					<!--
						Actually here should be a *multiple, but it is looks too uuugly. LSMD is needed to be improved a bit
					-->
					<p>
						umSlider module can handle multiple sliders, so first of all you need to instruct
						the module about sliders' names. They will be used to configure and control the sliders.
					</p>
					<p>
						New slider should be defined in the next manner:
					</p>
					<example>*umSlider [name]</example>
					<p>
						and the slider options have the following form:
					</p>
					<example>
[name][option] [value]</example>
					<p>
						Example:
					</p>
					<example>
*umSlider Track
TrackX 100</example>
				</description>
			</section>			
			<section id="sample" name="Sample Configuration">
				<description>
					<p>Sample files available in the 'Sample Config' folder of the module archive</p>
					<example>
*NetLoadModule 			umSlider-1.0

*umSlider Track
TrackMode				ampvolume
TrackX				100
TrackY				200
TrackWidth			100
TrackHeight			10
TrackVisible			true
TrackAlwaysOnTop			false
TrackHandleOffset			0
TrackInverted			true
TrackDirection			horizontal
TrackTip				"Amp"
TrackPaintingMode			.image
TrackTrueTransparency		false
TrackAlphaTransparency		0
TrackImage			slider_amp_pos.png
TrackImageMode			stretch
TrackHandlePaintingMode		.image
TrackHandleTrueTransparency	false
TrackHandleImage			slider.png
TrackHandleImageMode		stretch
TrackHandleWidth			5
TrackHandleHeight			10</example>
				</description>
			</section>
			<section id="settings" name="Settings">
				<description>
					<p>Note, please, that each option begins from the slider name, specified in the <strong>*umSlider</strong> line</p>
				</description>
			</section>
			<section id="sliderbangs" name="Slider Commands">
				<description>
					<p>
						Note that each slider bang takes a slider name as a first parameter.
						Example:
					</p>
					<example>
!SliderShow MySlider</example>
				</description>
			</section>
			<section id="vcontrol" name="Volume Control">
				<description>
					<p>
						The following bangs can be used to change the system volume (originally
						they were a part of the V_Bang.dll). First parameter of each !bang is a sound
						channel number.
					</p>
				</description>
			</section>
		</documentation>
		<!-- @@@@@@@@@@@@@@@@@@  deafults @@@@@@@@@@@@@@@@ -->
		<data>
			<string id="Tip" default="empty"/>
			<coordinate id="X" default="0"/>
			<coordinate id="Y" default="0"/>
			<integer id="offset" default="0"/>
			<bool id="Visible" default="true"/>
			<bool id="AlwaysOnTop" default ="false"/>
			<bool id="Inverted" default="false"/>
			<integer id="Channel" default="0"/>
			<integer id="VolumeStep" default="1"/>
			<integer id="BalanceStep" default="1"/>
		</data>
		<!-- @@@@@@@@@@@@@@@@@@  config @@@@@@@@@@@@@@@@ -->
		<config>
			<group section="settings">
				<single name="(slider)Tip">
					<string data="Tip"/>
					<description>
						<p>The text description that is displayed when the cursor hovers over the slider.</p>
					</description>
				</single>
				<single name="(slider)X">
					<coordinate data="X"/>
					<description>
						<p>
							Horizontal coordinate of the top-left slider's corner.
							Can be negative to place the slider relative to the right edge of the screen.
						</p>
					</description>
				</single>
				<single name="(slider)Y">
					<coordinate data="Y"/>
					<description>
						<p>
							Vertical coordinate of the top-left slider's corner.
							Can be negative to place the slider relative to the bottom edge of the screen.
						</p>
					</description>
				</single>
				<single name="(slider)Width">
					<integer/>
					<description>
						<p>Slider width.</p>
					</description>
				</single>
				<single name="(slider)Height">
					<integer/>
					<description>
						<p>Slider height.</p>
					</description>
				</single>
				<single name="(slider)HandleWidth">
					<integer/>
					<description>
						<p>Handle width.</p>
					</description>
				</single>
				<single name="(slider)HandleHeight">
					<integer/>
					<description>
						<p>Handle height.</p>
					</description>
				</single>
				<single name="(slider)Offset">
					<integer data="Offset"/>
					<description>
						<p>An offset of the SliderBar's handle from the edge of the slider.</p>
					</description>
				</single>
				<single name="(slider)Texture">
					<texture/>
					<description>
						<p>Texture used to paint slider background (see xPaintClass Wiki for details). Texture prefix is <strong>(slider-name)</strong></p>
					</description>
				</single>
				<single name="(slider)HandleTexture">
					<texture/>
					<description>
						<p>Texture used to paint slider handle (see xPaintClass Wiki for details). Texture prefix is <strong>(slider-name)Handle</strong></p>
					</description>
				</single>
				<single name="(slider)Direction">
					<string/>
					<description>
						<p>Use 'vertical' or 'horizontal' to get either a Horizontal or a Vertical Slider.</p>
					</description>
				</single>
				<single name="(slider)AlwaysOnTop">
					<bool data="AlwaysOnTop"/>
					<description>
						<p>Set this flag to make a Slider stay ontop of all windows</p>
					</description>
				</single>
				<single name="(slider)Inverted">
					<bool data="Inverted"/>
					<description>
						<p>Set this flag to invert a Slider.</p>
					</description>
				</single>
				<single name="(slider)Visible">
					<bool data="Visible"/>
					<description>
						<p>Use 'false' to start a slider hidden</p>
					</description>
				</single>
				<single name="(slider)Mode">
					<string/>
					<description>
						<p>
							Here you can define what kind of Slider the Slider should be.
							Currently there are four modes: 'volume', 'balance', track' and 'ampvolume'
						</p>
					</description>
				</single>
				<single name="(slider)Channel">
					<integer data="Channel"/>
					<description>
						<p>Can be any number from 0 (usually MainVolume) upto the  number of channels your Soundcard has.</p>
					</description>
				</single>
			</group>
			<group section="vcontrol">
				<single name="umSliderVolumeStep">
					<integer data="VolumeStep"/>
					<description>
						<p>Default step value for <xref>!umSliderVolumeUp</xref> and <xref>!umSliderVolumeDown</xref> !bangs</p>
					</description>
				</single>
				<single name="umSliderBalanceStep">
					<integer data="BalanceStep"/>
					<description>
						<p>Default step value for <xref>!umSliderBalanceLeft</xref> and <xref>!umSliderBalanceRight</xref> !bangs</p>
					</description>
				</single>
			</group>
		</config>
		<!-- @@@@@@@@@@@@@@@@@@  bangs  @@@@@@@@@@@@@@@@ -->
		<control>
			<group section="sliderbangs">
				<bang name="umSliderHook">
					<string/>
					<description>
						<p>
							It's a bang which can be used in *ModuleHook lines of the LsBox and similar modules.
							The first parameter is a slider name.
							See corresponding modules' documentation for details.
						</p>
						<p>Don't call this bang manually!</p>
					</description>
				</bang>
				<bang name="umSliderShow">
					<string/>
					<description>
						<p>Shows a slider with the specified name.</p>
					</description>
				</bang>
				<bang name="umSliderHideGroup">
					<string/>
					<description>
						<p>Hides a slider with the specified name.</p>
					</description>
				</bang>
				<bang name="umSliderToggle">
					<string/>
					<description>
						<p>Toggle visibility state of the specified slider.</p>
					</description>
				</bang>
				<bang name="umSliderMove">
					<string/>
					<coordinate/>
					<coordinate/>
					<description>
						<p>Move a slider to the specified point.</p>
					</description>
				</bang>
				<bang name="umSliderMoveBy">
					<string/>
					<integer/>
					<integer/>
					<description>
						<p>Shift a slider by the specified number of pixels.</p>
					</description>
				</bang>
				<bang name="umSliderResize">
					<string/>
					<integer/>
					<integer/>
					<description>
						<p>Set new slider width and height.</p>
					</description>
				</bang>
				<bang name="umSliderResizeBy">
					<string/>
					<integer/>
					<integer/>
					<description>
						<p>Cnanges slider width and height by specified number of pixels.</p>
					</description>
				</bang>
				<bang name="umSliderReposition">
					<string/>
					<coordinate/>
					<coordinate/>
					<integer/>
					<integer/>
					<description>
						<p>Set new slider position, width and height</p>
					</description>
				</bang>
				<bang name="umSliderRepositionBy">
					<string/>
					<integer/>
					<integer/>
					<integer/>
					<integer/>
					<description>
						<p>Changes slider position, width and height by specified number of pixels</p>
					</description>
				</bang>
			</group>
			<group section="vcontrol">
				<bang name="umSliderVolumeUp">
					<integer/>
					<integer/>
					<description>
						<p>
							Increases channel volume (first parameter) by specified number of percents (the second one).
							If volume step is omitted, <xref>umSliderVolumeStep</xref> used.
						</p>
					</description>
				</bang>
				<bang name="umSliderVolumeDown">
					<integer/>
					<integer/>
					<description>
						<p>
							Decreases channel volume (first parameter) by specified number of percents (the second one).
							If volume step is omitted, <xref>umSliderVolumeStep</xref> used.
						</p>
					</description>
				</bang>
				<bang name="umSliderMute">
					<integer/>
					<description>
						<p>Toggles channel on/off.</p>
					</description>
				</bang>
				<bang name="umSliderBalanceLeft">
					<integer/>
					<integer/>
					<description>
						<p>
							Changes channel balance (first parameter) by specified number of percents (the second one).
							If balance step is omitted, <xref>umSliderBalanceStep</xref> used.
						</p>
					</description>
				</bang>
				<bang name="umSliderBalanceRight">
					<integer/>
					<integer/>
					<description>
						<p>
							Changes channel balance (first parameter) by specified number of percents (the second one).
							If balance step is omitted, <xref>umSliderBalanceStep</xref> used.
						</p>
					</description>
				</bang>
				<bang name="umSliderSetVolume">
					<integer/>
					<integer/>
					<description>
						<p>Set channel volume (the second parameter is a value from 0 to 100)</p>
					</description>
				</bang>
				<bang name="umSliderSetBalance">
					<integer/>
					<integer/>
					<description>
						<p>Set channel balance (the second parameter is a value from -100 to 100)</p>
					</description>
				</bang>
			</group>
		</control>
		<history>
			<revision version="1.0" by="Seg@" date="2006-12-25">
				<note>Note that new umSlider requires VC++ 2005 run-time libraries ( available with .NET Framework 2.0
				or separately at http://miranda.or.at/files/vcredist_x86.exe, about 2,8 Mb )</note>
				<added>xPaintClass v1.0 support</added>
				<changed>The version isn't backwards compatibile, thereby configuration prefix changed to "umSlider"</changed>
				<added>
					<xref>!umSliderMove</xref>, <xref>!umSliderMoveBy</xref>,
					<xref>!umSliderResize</xref>, <xref>!umSliderResizeBy</xref>,
					<xref>!umSliderReposition</xref>, <xref>!umSliderRepositionBy</xref>
				</added>
				<added><xref>umSliderVolumeStep</xref>, <xref>umSliderBalanceStep</xref> and stepping parameters for volume control bangs</added>
			</revision>
			<revision version="0.3" by="Brian" date="2006-08-16">
				<note>
					<fixed>the muting code (was bustigated)</fixed>
					<changed>the volume stepsize from 10 to 1 (not an adjustable step setting yet).</changed>
				</note>
			</revision>
			<revision version="0.2" by="Seg@" date="2004-11-13">
				<note>
					I don't think there will be future releases, so it is a first and alone umSlider version.
				</note>
			</revision>
		</history>
	</module>
	<history>
		<revision version="1.1.0">
			<changed>Updated for v1.0.</changed>
		</revision>
		<revision version="1.0.0">
			<note>First version as lsmd.</note>
		</revision>
	</history>
</lsmd>
