<?xml version="1.0" encoding="UTF-8"?>
<?xml-stylesheet type="text/xsl" href="ruDocs.xsl"?>
<lsmd spec="0.3p" version="1.0.0">
	<author>Seg@</author>
	<copyright year="2004">Seg@.  Distributed under the GNU GPL2 license.</copyright>
	<module version="1.0" basename="QuickLaunch" category="shortcuts" load-free="true" load-wharf="false">
		<author name="Sergey Gagarin" email="inform-sega_AT_freemail.ru" web="http://www.litestep.bip.ru" icq="162261148">Seg@</author>
		<documentation>
			<description>
				<p>
					QuickLaunch.dll is a LiteStep Desktop module, which imitates the Explorer's Quick Launch panel.
				</p>
			</description>
			<section id="install" name="Installation">
				<description>
					<p>
						Put QuickLaunch.dll in any directory you like, for example <code>C:\LiteStep\</code>,
						then add this line to step.rc
					</p>
					<example>LoadModule "C:\LiteStep\ckVWM.dll"</example>
					<p>
						In the case you're using OTS2 compatible distro such as Omar's LiteStep Installer,
						AngelKnight's EZ2Install or Joshhh's Dist.ru, you should use the *NetLoadModule pseudo-operator:
					</p>
					<example>*NetLoadModule QuickLaunch-1.0</example>
				</description>
			</section>
			<section id="usage" name="Usage">
				<description>
					<p>
						QuickLaunch.dll can handle multiple icon panels, so first of all you need to instruct
						the module about panels' names. They will be used to configure and control the panels.
					</p>
					<!-- Actually there should be a <multiple> option here, but it is ugly looking =( -->
					<p>
						New panel should be defined in the next manner:
					</p>
					<example>
*QuickLaunch [name]</example>
					<p>
						and the panel options have the following form:
					</p>
					<example>
[name][option] [value]</example>
					<p>
						Example:
					</p>
					<example>
*QuickLaunch LeBox
LeBoxFolder "$Desktop$"</example>
				</description>
			</section>			
			<section id="sample" name="Sample Configuration">
				<description>
					<example>
;===============================================
;  Quick Launch panel (QuickLaunch.dll v1.0)
;-----------------------------------------------

*QuickLaunch LeBox

LeBoxFolder                  "$Desktop$"

LeBoxSkin                    q_back.png
LeBoxHoverSkin               q_select.png
LeBoxPressedSkin             q_clicked.png

LeBoxX                       300
LeBoxY                       1

LeBoxWidth                   400
LeBoxHeight                  28

LeBoxAutoSize                true
; never wrap
LeBoxWrapCount               0

LeBoxIconSize                16

LeBoxLeftEdge                0
LeBoxRightEdge               0
LeBoxTopEdge                 0
LeBoxBottomEdge              0

LeBoxPaintMethod             stretch

LeBoxLeftIconOffset          2
LeBoxRightIconOffset         2
LeBoxTopIconOffset           2
LeBoxBottomIconOffset        2

LeBoxIconSpacingX            6
LeBoxIconSpacingY            6

LeBoxUseTrueTransparency     false
LeBoxAlpha                   120

LeBoxDirection               "right down"
					</example>
				</description>
			</section>
			<section id="settings" name="Settings">
				<description>
					<p>
						Note please, that each option begins from the box name, specified in the <strong>*QuickLaunch</strong> line.
					</p>
				</description>
			</section>
			<section id="control" name="Bang commands">
				<description>
					<p>
						Note, please, that the first parameter of each !bang command is a box name
						written in the <strong>*QuickLaunch</strong> line!
						If you forget to specify it, an error message will pop up.
					</p>
				</description>
			</section>
		</documentation>
		<!-- @@@@@@@@@@@@@@@@@@  deafults @@@@@@@@@@@@@@@@ -->
		<data>
			<bool id="AutoSize1" default="false"/>
			<bool id="UseTrueTransparency1" default="false"/>
			
			<integer id="LeftEdge1" default="0"/>
			<integer id="RightEdge1" default="0"/>
			<integer id="TopEdge1" default="0"/>
			<integer id="BottomEdge1" default="0"/>
			<integer id="LeftIconOffset1" default="10"/>
			<integer id="RightIconOffset1" default="10"/>
			<integer id="TopIconOffset1" default="0"/>
			<integer id="BottomIconOffset1" default="0"/>
			<integer id="Width1" default="100"/>
			<integer id="Height1" default="28"/>
			<integer id="IconSize1" default="16"/>
			<integer id="IconSpacingX1" default="2"/>
			<integer id="IconSpacingY1" default="2"/>
			<integer id="Alpha1" default="255"/>
			<integer id="WrapCount1" default="-1"/>
			
			<coordinate id="X1" default="0"/>
			<coordinate id="Y1" default="0"/>
			
			<string id="Folder1" default="$QuickLaunch$"/>
			<string id="Database1" default="$ConfigDir$(box).qlaunch"/>
			
			<image id="Skin1" default="none"/>
			<image id="HoverSkin1" default="none"/>
			<image id="PressedSkin1" default="none"/>
			<string id="PaintMethod1" default="stretch"/>
			<string id="Direction1" default="right down"/>
		</data>
		<!-- @@@@@@@@@@@@@@@@@@  config @@@@@@@@@@@@@@@@ -->
		<config>
			<group section="settings">
				<single name="(box)Folder">
					<string data="Folder1"/>
					<description>
						<p>A folder to display</p>
					</description>
				</single>
				<single name="(box)Database">
					<string data="Database1"/>
					<description>
						<p>A file to store the icons order</p>
					</description>
				</single>
				<single name="(box)Skin">
					<image data="Skin1"/>
					<description>
						<p>Background picture. See <xref>(box)UseTrueTransparency</xref> option to learn about non-rectangular boxes</p>
					</description>
				</single>
				<single name="(box)HoverSkin">
					<image data="HoverSkin1"/>
					<description>
						<p>An image to paint under the hovered icon. Use magic pink to specify transparent areas</p>
					</description>
				</single>
				<single name="PressedSkin">
					<bool data="PressedSkin1"/>
					<description>
						<p>An image to paint under the icon when the mouse is down. Use magic pink to specify transparent areas</p>
					</description>
				</single>
				<single name="(box)PaintMethod">
					<bool data="PaintMethod1"/>
					<description>
						<p>There are two available painting methods: <strong>stretch</strong> and <strong>tile</strong></p>
					</description>
				</single>
				<single name="(box)LeftEdge">
					<integer data="LeftEdge1"/>
					<description>
						<p>The edge of the background image will not be stretched or tiled.</p>
					</description>
				</single>
				<single name="(box)RightEdge">
					<integer data="RightEdge1"/>
					<description>
						<p>The edge of the background image will not be stretched or tiled.</p>
					</description>
				</single>
				<single name="(box)TopEdge">
					<integer data="TopEdge1"/>
					<description>
						<p>The edge of the background image will not be stretched or tiled.</p>
					</description>
				</single>
				<single name="(box)BottomEdge">
					<integer data="BottomEdge1"/>
					<description>
						<p>The edge of the background image will not be stretched or tiled.</p>
					</description>
				</single>
				<single name="(box)LeftIconOffset">
					<integer data="LeftIconOffset1"/>
					<description>
						<p>Icon area border. This setting is working in addition to <xref>(box)LeftEdge</xref>!</p>
					</description>
				</single>
				<single name="(box)RightIconOffset">
					<integer data="RightIconOffset1"/>
					<description>
						<p>Icon area border. This setting is working in addition to <xref>(box)RightEdge</xref>!</p>
					</description>
				</single>
				<single name="(box)TopIconOffset">
					<integer data="TopIconOffset1"/>
					<description>
						<p>Icon area border. This setting is working in addition to <xref>(box)TopEdge</xref>!</p>
					</description>
				</single>
				<single name="(box)BottomIconOffset">
					<bool data="(box)BottomIconOffset1"/>
					<description>
						<p>Icon area border. This setting is working in addition to <xref>(box)BottomEdge</xref>!</p>
					</description>
				</single>
				<single name="(box)X">
					<coordinate data="X1"/>
					<description>
						<p>Horizontal coordinate of the quick launch panel</p>
					</description>
				</single>
				<single name="(box)Y">
					<coordinate data="Y1"/>
					<description>
						<p>Vertical coordinate of the quick launch panel</p>
					</description>
				</single>
				<single name="(box)Width">
					<integer data="Width1"/>
					<description>
						<p>Initial width of the quick launch panel. This option will be ignored if <xref>(box)AutoSize</xref> flag is set</p>
					</description>
				</single>
				<single name="(box)Height">
					<integer data="Height1"/>
					<description>
						<p>Initial height of the quick launch panel. This option will be ignored if <xref>(box)AutoSize</xref> flag is set</p>
					</description>
				</single>
				<single name="(box)IconSize">
					<integer data="IconSize1"/>
					<description>
						<p>The icon size. Do I need to explain? =)</p>
					</description>
				</single>
				<single name="(box)IconSpacingX">
					<integer data="IconSpacingX1"/>
					<description>
						<p>Horizontal distance between neighbour icons.</p>
					</description>
				</single>
				<single name="(box)IconSpacingY">
					<integer data="IconSpacingY1"/>
					<description>
						<p>Vertical distance between neighbour icons.</p>
					</description>
				</single>
				<single name="(box)UseTrueTransparency">
					<bool data="UseTrueTransparency1"/>
					<description>
						<p>
							Magic pink (#FF00FF) pixels of the <xref>(box)Skin</xref> mean that the corresponding panel's
							pixel or area will be transparent. You can use the feature to make non-rectangular panels, but it
							takes some CPU time. That's why by default magic pink tranparency is enabled only for hover/pressed
							skins, but disabled for the global picture. If you want to use it (and you're running WinXP or higher),
							please don't make the icon area transparent, because shadows on the icons will be pink or black.
						</p>
					</description>
				</single>
				<single name="(box)WrapCount">
					<integer data="WrapCount1"/>
					<description>
						<p>Maximal number of the icons in the row. Use '0' to disable wrapping (only single row or column),
						or -1 to use width/height settings (like the Explorer's Quick Launch does)</p>
					</description>
				</single>
				<single name="(box)AutoSize">
					<bool data="AutoSize1"/>
					<description>
						<p>Automatically adjust the panel width and height. Cannot be used if <xref>(box)WrapCount</xref> is -1</p>
					</description>
				</single>
				<single name="(box)Alpha">
					<integer data="Alpha1"/>
					<description>
						<p>
							Alpha tranparency level. Can be used only under Win2k and higher!
							Max value is 254, minimal alpha is 1. 255 or zero means that alpha transparency is disabled
						</p>
					</description>
				</single>
				<single name="(box)Direction">
					<string data="Direction1"/>
					<description>
						<p>
							Two direction constants (<strong>left</strong>, <strong>right</strong>,
							<strong>top</strong> or <strong>bottom</strong>) separated by a space char.
							First one is a primary (row) icons direction, and the second one is a wrapping (column) direction.
							Don't forget to quote the string since it contain spaces!
						</p>
					</description>
				</single>
			</group>
		</config>
		<!-- @@@@@@@@@@@@@@@@@@  bangs  @@@@@@@@@@@@@@@@ -->
		<control>
			<group section="control">
				<bang name="QLaunchLsBoxHook">
					<string/>
					<description>
						<p>
							It's a bang which can be used in *ModuleHook lines of the LsBox and similar modules.
							See corresponding modules' documentation for details.
						</p>
						<p>Don't call this bang manually!</p>
					</description>
				</bang>
				<bang name="QLaunchShow">
					<string/>
					<description>
						<p>Show the box.</p>
					</description>
				</bang>
				<bang name="QLaunchHide">
					<string/>
					<description>
						<p>Hide the box.</p>
					</description>
				</bang>
				<bang name="QLaunchToggle">
					<string/>
					<description>
						<p>Toggle box visibility state.</p>
					</description>
				</bang>
				<bang name="QLaunchMove">
					<string/>
					<coordinate/>
					<coordinate/>
					<description>
						<p>Move the box to the specified position.</p>
					</description>
				</bang>
				<bang name="QLaunchShift">
					<string/>
					<integer/>
					<integer/>
					<description>
						<p>Change the box position on the specified number of pixels.</p>
					</description>
				</bang>
			</group>
		</control>
		<history>
			<revision version="1.0" by="Seg@" date="2004-11-10">
				<note>
					That's a first public release. All previous beta-versions given to several people are obsolete
					and should be removed from the hard drives as potentially dangerous =)
				</note>
			</revision>
		</history>
	</module>
	<history>
		<revision version="1.0.0">
			<note>First version as lsmd.</note>
		</revision>
	</history>
</lsmd>
